/*
SQLyog Community v12.1 (64 bit)
MySQL - 5.1.66-0+squeeze1 : Database - auto_assault
*********************************************************************
*/

/*!40101 SET NAMES utf8 */;

/*!40101 SET SQL_MODE=''*/;

/*!40014 SET @OLD_UNIQUE_CHECKS=@@UNIQUE_CHECKS, UNIQUE_CHECKS=0 */;
/*!40101 SET @OLD_SQL_MODE=@@SQL_MODE, SQL_MODE='NO_AUTO_VALUE_ON_ZERO' */;
/*!40111 SET @OLD_SQL_NOTES=@@SQL_NOTES, SQL_NOTES=0 */;
/*Table structure for table `account` */

CREATE TABLE `account` (
  `Id` bigint(20) unsigned NOT NULL AUTO_INCREMENT,
  `Username` varchar(14) NOT NULL,
  `Password` varchar(16) NOT NULL,
  `LastIP` tinytext NOT NULL,
  `Level` tinyint(3) unsigned NOT NULL DEFAULT '0',
  `Email` text NOT NULL,
  `SessionId1` int(11) unsigned NOT NULL DEFAULT '0',
  `SessionId2` int(11) unsigned NOT NULL DEFAULT '0',
  `OneTimeKey` int(11) unsigned NOT NULL DEFAULT '0',
  `FirstFlag1` int(11) unsigned NOT NULL DEFAULT '0',
  `FirstFlag2` int(11) unsigned NOT NULL DEFAULT '0',
  `FirstFlag3` int(11) unsigned NOT NULL DEFAULT '0',
  `FirstFlag4` int(11) unsigned NOT NULL DEFAULT '0',
  `ActiveRealmId` int(11) unsigned NOT NULL DEFAULT '0',
  PRIMARY KEY (`Id`)
) ENGINE=InnoDB DEFAULT CHARSET=utf8;

/*Data for the table `account` */

/*Table structure for table `account_restriction` */

CREATE TABLE `account_restriction` (
  `Id` bigint(20) unsigned NOT NULL,
  `expiration_time` datetime NOT NULL,
  PRIMARY KEY (`Id`)
) ENGINE=InnoDB DEFAULT CHARSET=utf8;

/*Data for the table `account_restriction` */

/*Table structure for table `achievement` */

CREATE TABLE `achievement` (
  `Id` int(11) NOT NULL,
  `SkillId` int(11) NOT NULL,
  `SkillLevel` int(11) NOT NULL,
  `Title` text NOT NULL,
  `Description` text NOT NULL,
  `Requirements` text NOT NULL,
  PRIMARY KEY (`Id`)
) ENGINE=MyISAM DEFAULT CHARSET=utf8;

/*Data for the table `achievement` */

insert  into `achievement`(`Id`,`SkillId`,`SkillLevel`,`Title`,`Description`,`Requirements`) values (1,-1,-1,'INC Unity Stripe ','This award is granted for remarkable service in support of the ongoing partnership between INC and The Hestia Company.','The bearer has performed remarkable services in support of the INC / Hestia company partnership.'),(2,-1,-1,'First Blood','Awarded for quenching your thirst for blood. Killing is now a way of life.','Blatant disregard for living beings.'),(3,-1,-1,'TestMedal','This card ID is granted to select contractors, allowing them access to Apollo\'s wastewater treatment canals.','Must complete the Outfall unlock mission, given in Apollo by HAD-C4Ge'),(7,-1,-1,'Going the Distance','Awarded to an individual who survives their first KM of travel.','Travel over 1 KM.'),(8,-1,-1,'Badge of Resilience','This badge marks the completion of the first of The Rites of Ascension, The Rite of Resilience.  The badge symbolizes a new warrior\'s ability to deal with adversity while serving The Tribes of The Changed.','This badge is earned when you complete The Rite of Resilience.'),(9,-1,-1,'Badge of Service','The Badge of Service symbolizes a new warrior\'s dedication to The Tribes of The Changed and marks the completion of the second Rite of Ascension, The Rite of Service.','The Badge of Service can only be earned by a new Mutant warrior who completes The Rite of Service.'),(10,-1,-1,'The Questing Glyph','All warriors of The Tribes of The Changed wear The Questing Glyph with pride.  It symbolizes the completion of The Rites of Ascension and marks their place in The Tribes as members of the warrior caste.','The questing glyph is only awarded to mutant warriors who have completed The Rites of Ascension.'),(11,-1,-1,'Natural Selection I','Natural Selection medals are awarded for successively focusing on mutated wildlife as a target of choice.','10 aggressive mutated wildlife eliminated.'),(12,-1,-1,'Natural Selection II','Natural Selection medals are awarded for successively focusing on mutated wildlife as a target of choice.','100 aggressive mutated wildlife eliminated.'),(13,-1,-1,'Tempered Steel II','Tempered Steel medals are awarded for successively focusing on the TemperNet as a target of choice.','100 TemperNet units eliminated.'),(14,-1,-1,'Tempered Steel I','Tempered Steel medals are awarded for successively focusing on the TemperNet as a target of choice.','10 TemperNet units eliminated.'),(15,-1,-1,'Pike Tooth I','Pike Tooth medals are awarded for successively focusing on Pike bandits as a target of choice.','10 Pike bandits eliminated.'),(16,-1,-1,'Pike Tooth II','Pike Tooth medals are awarded for successively focusing on Pike bandits as a target of choice.','100 Pike bandits eliminated.'),(17,-1,-1,'Scav Hunter I','Scav Hunter medals are awarded for successively focusing on Scav bandits as a target of choice.','10 Scav bandits eliminated.'),(18,-1,-1,'Scav Hunter II','Scav Hunter medals are awarded for successively focusing on Scav bandits as a target of choice.','100 Scav bandits eliminated.'),(19,-1,-1,'Derelict Stamp I','Derelict Stamp medals are awarded for successively focusing on Derelict rebels as a target of choice.','10 Derelict rebels eliminated.'),(20,-1,-1,'Derelict Stamp II','Derelict Stamp medals are awarded for successively focusing on Derelict rebels as a target of choice.','100 Derelict rebels eliminated.'),(21,-1,-1,'Zen Lock I','Zen Lock medals are awarded for successively focusing on Zendig warriors as a target of choice.','10 Zendig warriors eliminated.'),(22,-1,-1,'Zen Lock II','Zen Lock medals are awarded for successively focusing on Zendig warriors as a target of choice.','100 Zendig warriors eliminated.'),(23,-1,-1,'Xeno Nostra I','Xeno Nostra medals are awarded for successively focusing on Xeno invaders as a target of choice.','10 Xeno units eliminated.'),(24,-1,-1,'Xeno Nostra II','Xeno Nostra medals are awarded for successively focusing on Xeno invaders as a target of choice.','100 Xeno units eliminated.'),(25,-1,-1,'Operations Stripe I','Operation Stripes are awarded for successively carrying out the missions and tasks assigned to you.','10 Completed Missions.'),(26,-1,-1,'Operations Stripe II','Operation Stripes are awarded for successively carrying out the missions and tasks assigned to you.','100 Completed Missions.'),(27,-1,-1,'Phat Clip','When you earn your first 1000 Clink, it\'s time to trade it in for 1 Scrip bill and roll it into a Phat Clip for carrying.','1st Scrip earned.'),(28,-1,-1,'Player Clip','If you\'ve got over 1000 Scrip bills, you\'re gonna need the larger sized, more stylin\' Player Clip to flash it in.','1st Bar earned.'),(29,-1,-1,'Pimp Clip','The bling of the Pimp Clip is the perfect accessory to those 1000 Bars you\'re rolling on.','1st Globe earned.'),(30,-1,-1,'Gates Clip','Only the highest of high rollers can dream of flashing a Gates Clip around in public.  Maybe you should start your own space program?','1st 1000 Glow earned.'),(31,-1,-1,'Jumping Bean','The Jumping Bean medal is awarded for a 5 second hangtime on any vehicle jump.','5 seconds of airtime on a jump.'),(32,-1,-1,'Flying Wheel','Only those who convert their cars into flying machines are eligible for the Flying Wheel medal.','10 seconds of airtime on a jump.'),(33,-1,-1,'Infinite Path','The Infinite Path certification is earned by drivers who maintain extensive duty hours. ','Hours played (Skill Certification).'),(34,-1,-1,'Mile Stone','The Mile Stone certification is earned by drivers who travel far and see much.','Total Km driven (Skill Certification).'),(35,-1,-1,'License to Kill','The License to Kill certification is earned by drivers who negotiate with extreme prejudice with hostile enemy factions. ','Number of AI kills (Skill Certification).'),(36,-1,-1,'Ball of Wrecking','The Ball of Wrecking certification is earned by drivers who display efficient deconstruction skills.','Enviromental damage caused (Skill Certification).'),(37,-1,-1,'Skill Star','A Skill Star is awarded when a set of basic Skill Certifications have all been met.  Each successive Skill Star becomes more difficult to achieve.','1 awarded when 1 of each basic Skill Certification is achieved.'),(38,-1,-1,'Glory Star','One Glory Star means you are a well rounded driver.  Multiple Glory Stars mean no one should question you about anything in the post-apocalypse.  Ever. ','1 awarded for every 5 Skill Stars collected.'),(39,-1,-1,'Ambassador\'s Nova','This medal commemorates the successful actions of an Ambassador in grave political matters.','This medal is awarded to Biomeks who have performed above and beyond the call of duty in a matter of supreme importance.'),(40,-1,-1,'Hazard Mode Certification','Awarded to all Biomeks who have completed their Hazard Mode Training.','Must have completed Hazard Mode Training.'),(41,-1,-1,'Zendig Warrior\'s Wrap','This ornate weave of materials creates a decorative pattern around the barrel of a turret weapon.  This wrap is a mark of distinction among Zendig warriors.','The Zendigs will not give a Champion\'s Wrap to anyone who has not already proven themselves willing to fight for the Zendigs.'),(42,-1,-1,'Champion\'s Totem','This pin is made of Bloodsteel and Blessed Brass in the image of a Bear Claw.  It is only awarded to Champions who have served above and beyond their duties as members of The Warrior Caste.','To earn this award a Champion must perform a feat of incredible bravery or otherwise serve The Tribes in an extraordinary way.'),(43,-1,-1,'Mark of Ages','This small Bloodsteel Glyph represents your dedication to the heritage of The Tribes of Changed.  Many who wear the Mark of Ages go on to become historians of our people.','A Warrior must have completed the Tocado Scenic Battlefield Tour to receive this commendation.'),(44,-1,-1,'Hestia ID','This ID contains a small sample of your genetic material and marks you as a contractor with The Hestia Company.','You must have registered with an appropriate branch of The Hestia Company and completed basic vehicular training.'),(45,-1,-1,'INC Preferred Contractor Pin','This small brass pin bears the INC logo.  It represents your dedication as a mercenary contractor to INC.','You have achieved Tier 2 Operative status within INC with an excellent mission record.'),(46,-1,-1,'Ghost Warrior','This Mark of the Zendig Ghost Warrior is granted only to a very few outside of the Zendigs\' Seven Tribes.','You have impressed a Zendig Elder with a display of unparalleled courage and strength.'),(47,-1,-1,'Thugz  Keyring','This chromed Thugz logo is evidence that The Tyke did custom work on one of your rides.','Must have completed the entire Mad Mozak Storyline.'),(48,-1,-1,'Union Support Pin','This small metal lapel pin is embossed with the CB\'er Union logo.','A high lvel of professionalism and a good job completion ration must be shown.'),(49,-1,-1,'Lower Apollo Outfall Pass','This card ID is granted to select contractors for the Hestia company and allows passage into the canals of the Apollo wastewater treatment facility.','Must have completed the canal maintenance mission in Apollo'),(50,-1,-1,'Duennan Access Tag','This thick smart-card contains your identification data, and transmits signal to various sensor ports around Duenna','This signifies that you have registered to help the Duennan Reconstruction'),(51,-1,-1,'INC Freelancer Elite','The provenance of this INC decoration is unknown.','The provenance of this INC decoration is unknown.'),(52,-1,-1,'INC Wheels and Wings','The INC Wheels and Wings decoration is granted to those that have performed exemplary service for the INC.  It\'s bearer is granted access to INC Tower #375, known to Hestia as Stalwart','The bearer must have completed a long and dedicated series of service tasks for INC'),(53,-1,-1,'Mordicai\'s Token','This small Bloodsteel star bears a stylized \"M\" design - the seal of Prime Champion Mordicai of The Citadel.','Prime Champion Mordicai would only award a token such as this to a loyal retainer.'),(54,-1,-1,'Pestilence\'s Keychain','The metal of this keychain is stained and yellowed with corrosion, a sure sign that it truly is the keychain of Pestilence\'s bike.','Only someone who had defeated the Rider of the Apocalypse, Pestilence, could have claimed this keychain as a trophy.'),(55,-1,-1,'Famine\'s Keychain','The keychain is made of very thin and light metal.  If you\'re not careful you may bend the metal prongs that form the image of a sickle and a scale, the icon of Famine.','Only someone who had defeated the Rider of the Apocalypse, Famine, could have claimed this keychain as a trophy.'),(56,-1,-1,'War\'s Keychain','This keychained is disk bearing the image of a clock with it\'s hands at 11:58.  The hands of the clock are painted as red swords.','Only someone who had defeated the Rider of the Apocalypse, War, could have claimed this keychain as a trophy.'),(57,-1,-1,'Death\'s Keychain','The keychain is shaped like a scythe, with a skeletal hand gripping its haft.','Only someone who had defeated the original Rider of the Apocalypse, Death, could have claimed this keychain as a trophy.'),(58,-1,-1,'INC Override Access Pass','This INC Override Access Pass was generated by a malfunctioning INC Terminal.  It\'s bearer is granted access to INC Tower #375, known to Hestia as Stalwart.','This indicates that the bearer has been party to some shifty business involving the INC\'s Access Terminals. '),(59,-1,-1,'The Keen Observer','The bearer of this medal has taken the time to read an amazing and informative \'Welcome to Auto Assault\' pamphlet.','Must have read the fantastic manual.'),(60,-1,-1,'Tocado Studio Apartment Key','This hand-crafted key is made of Bloodsteel and other materials found only amongst the Tribes.','A Warrior must own a Tocado Studio Apartment to possess this key.'),(61,-1,-1,'Tocado Studio Garden Kit','This package once contained the seeds for the garden in your Tocado Studio Apartment.','A Warrior must have purchased and installed a Garden Upgrade Kit for their Tocado Studio Apartment.'),(62,-1,-1,'Tocado Studio Shrine Kit','The kit reads - 1 statue for each of the four Tribes, a remembrance of the imporant figures in our history.','This certifies that you have purchased and installed the Shrine statue kit for your Tocado Studio Apartment.'),(63,-1,-1,'Tocado Studio Lighting Kit','This lighting kit contained the numerous new lighting accents you added to your Tocado Studio Aparment.','You must have purchased and installed the Lighting Upgrade for your Tocado Studio Apartment.'),(64,-1,-1,'Tocado Studio Catalog Kit','An interface to the Tocado Catalog Stores, right from the comfort of your Tocado Studio Apartment.','You must have purchased and installed the Tocado Catalog Stores upgrade for your Tocado Studio Apartment'),(65,-1,-1,'INC Special Operations ID','This small INC logo is embedded into the bumper of your vehicle, and is so small you wouldn\'t notice it if you didn\'t know where to look.','To be awarded this ID chip, one must have achieved Special Operative status with INC.'),(66,-1,-1,'INC Black Stripe','The exact requirements of the Black Stripe Commendation are classified UPPER ECHELON secret.','The exact requirements of the Black Stripe Commendation are classified UPPER ECHELON secret.'),(67,-1,-1,'Agony Flash I','Agony Flash medals are awarded for successively focusing on Biomutes as a target of choice.','10 Biomutes eliminated.'),(68,-1,-1,'Agony Flash II','Agony Flash medals are awarded for successively focusing on Biomutes as a target of choice.','100 Biomutes eliminated.'),(69,-1,-1,'Agony Flash III','Agony Flash medals are awarded for successively focusing on Biomutes as a target of choice.','1000 Biomutes eliminated.'),(70,-1,-1,'Agony Flash IV','Agony Flash medals are awarded for successively focusing on Biomutes as a target of choice.','10,000 Biomutes eliminated.'),(71,-1,-1,'Agony Flash V','Agony Flash medals are awarded for successively focusing on Biomutes as a target of choice.','100,000 Biomutes eliminated.'),(72,-1,-1,'Signal Blazon I','Signal Blazon medals are awarded for successively focusing on CB\'ers as a target of choice.','10 CB\'ers eliminated.'),(73,-1,-1,'Signal Blazon II','Signal Blazon medals are awarded for successively focusing on CB\'ers as a target of choice.','100 CB\'ers eliminated.'),(74,-1,-1,'Signal Blazon III','Signal Blazon medals are awarded for successively focusing on CB\'ers as a target of choice.','1000 CB\'ers eliminated.'),(75,-1,-1,'Signal Blazon IV','Signal Blazon medals are awarded for successively focusing on CB\'ers as a target of choice.','10,000 CB\'ers eliminated.'),(76,-1,-1,'Signal Blazon V','Signal Blazon medals are awarded for successively focusing on CB\'ers as a target of choice.','100,000 CB\'ers eliminated.'),(77,-1,-1,'Raiders Revenge I','Raiders Revenge medals are awarded for successively focusing on EILM as a target of choice.','10 EILM eliminated.'),(78,-1,-1,'Raiders Revenge II','Raiders Revenge medals are awarded for successively focusing on EILM as a target of choice.','100 EILM eliminated.'),(79,-1,-1,'Raiders Revenge III','Raiders Revenge medals are awarded for successively focusing on EILM as a target of choice.','1000 EILM eliminated.'),(80,-1,-1,'Raiders Revenge IV','Raiders Revenge medals are awarded for successively focusing on EILM as a target of choice.','10,000 EILM eliminated.'),(81,-1,-1,'Raiders Revenge V','Raiders Revenge medals are awarded for successively focusing on EILM as a target of choice.','100,000 EILM eliminated.'),(82,-1,-1,'One-Side Degree I','One-Side Degrees are awarded for successively focusing on Justice as a target of choice.','10 Justice eliminated.'),(83,-1,-1,'One-Side Degree II','One-Side Degrees are awarded for successively focusing on Justice as a target of choice.','100 Justice eliminated.'),(84,-1,-1,'One-Side Degree III','One-Side Degrees are awarded for successively focusing on Justice as a target of choice.','1000 Justice eliminated.'),(85,-1,-1,'One-Side Degree IV','One-Side Degrees are awarded for successively focusing on Justice as a target of choice.','10,000 Justice eliminated.'),(86,-1,-1,'One-Side Degree V','One-Side Degrees are awarded for successively focusing on Justice as a target of choice.','100,000 Justice eliminated.'),(87,-1,-1,'Relative Salute I','Relative Salute medals are awarded for successively focusing on the Payne family as a target of choice.','10 Payne relations eliminated.'),(88,-1,-1,'Relative Salute II','Relative Salute medals are awarded for successively focusing on the Payne family as a target of choice.','100 Payne relations eliminated.'),(89,-1,-1,'Relative Salute III','Relative Salute medals are awarded for successively focusing on the Payne family as a target of choice.','1000 Payne relations eliminated.'),(90,-1,-1,'Relative Salute IV','Relative Salute medals are awarded for successively focusing on the Payne family as a target of choice.','10,000 Payne relations eliminated.'),(91,-1,-1,'Relative Salute V','Relative Salute medals are awarded for successively focusing on the Payne family as a target of choice.','100,000 Payne relations eliminated.'),(92,-1,-1,'Glue Drop I','Glue Drop medals are awarded for successively focusing on the Riders of the Apocalypse as a target of choice.','10 Riders of the Apocalypse eliminated.'),(93,-1,-1,'Glue Drop II','Glue Drop medals are awarded for successively focusing on the Riders of the Apocalypse as a target of choice.','100 Riders of the Apocalypse eliminated.'),(94,-1,-1,'Glue Drop III','Glue Drop medals are awarded for successively focusing on the Riders of the Apocalypse as a target of choice.','1000 Riders of the Apocalypse eliminated.'),(95,-1,-1,'Glue Drop IV','Glue Drop medals are awarded for successively focusing on the Riders of the Apocalypse as a target of choice.','10,000 Riders of the Apocalypse eliminated.'),(96,-1,-1,'Glue Drop V','Glue Drop medals are awarded for successively focusing on the Riders of the Apocalypse as a target of choice.','100,000 Riders of the Apocalypse eliminated.'),(97,-1,-1,'Rebel Rope I','Rebel Ropes are awarded for successively focusing on the Corps as a target of choice.','10 Corps units eliminated.'),(98,-1,-1,'Rebel Rope II','Rebel Ropes are awarded for successively focusing on the Corps as a target of choice.','100 Corps units eliminated.'),(99,-1,-1,'Rebel Rope III','Rebel Ropes are awarded for successively focusing on the Corps as a target of choice.','1000 Corps units eliminated.'),(100,-1,-1,'Rebel Rope IV','Rebel Ropes are awarded for successively focusing on the Corps as a target of choice.','10,000 Corps units eliminated.'),(101,-1,-1,'Rebel Rope V','Rebel Ropes are awarded for successively focusing on the Corps as a target of choice.','100,000 Corps units eliminated.'),(102,-1,-1,'Police Badge I','Police Badges are awarded for successively focusing on the LAW as a target of choice.','10 LAW units eliminated.'),(103,-1,-1,'Police Badge II','Police Badges are awarded for successively focusing on the LAW as a target of choice.','100 LAW units eliminated.'),(104,-1,-1,'Police Badge III','Police Badges are awarded for successively focusing on the LAW as a target of choice.','1000 LAW units eliminated.'),(105,-1,-1,'Police Badge IV','Police Badges are awarded for successively focusing on the LAW as a target of choice.','10,000 LAW units eliminated.'),(106,-1,-1,'Police Badge V','Police Badges are awarded for successively focusing on the LAW as a target of choice.','100,000 LAW units eliminated.'),(107,-1,-1,'Hard Knock I','Hard Knock medals are awarded for successively focusing on Thugz as a target of choice.','10 Thugz eliminated.'),(108,-1,-1,'Hard Knock II','Hard Knock medals are awarded for successively focusing on Thugz as a target of choice.','100 Thugz eliminated.'),(109,-1,-1,'Hard Knock III','Hard Knock medals are awarded for successively focusing on Thugz as a target of choice.','1000 Thugz eliminated.'),(110,-1,-1,'Hard Knock IV','Hard Knock medals are awarded for successively focusing on Thugz as a target of choice.','10,000 Thugz eliminated.'),(111,-1,-1,'Hard Knock V','Hard Knock medals are awarded for successively focusing on Thugz as a target of choice.','100,000 Thugz eliminated.'),(112,-1,-1,'Derelict Stamp III','Derelict Stamp medals are awarded for successively focusing on Derelict rebels as a target of choice.','1000 Derelict rebels eliminated.'),(113,-1,-1,'Derelict Stamp IV','Derelict Stamp medals are awarded for successively focusing on Derelict rebels as a target of choice.','10,000 Derelict rebels eliminated.'),(114,-1,-1,'Derelict Stamp V','Derelict Stamp medals are awarded for successively focusing on Derelict rebels as a target of choice.','100,000 Derelict rebels eliminated.'),(115,-1,-1,'Natural Selection III','Natural Selection medals are awarded for successively focusing on mutated wildlife as a target of choice.','1000 aggressive mutated wildlife eliminated.'),(116,-1,-1,'Natural Selection IV','Natural Selection medals are awarded for successively focusing on mutated wildlife as a target of choice.','10,000 aggressive mutated wildlife eliminated.'),(117,-1,-1,'Natural Selection V','Natural Selection medals are awarded for successively focusing on mutated wildlife as a target of choice.','100,000 aggressive mutated wildlife eliminated.'),(118,-1,-1,'Operations Stripe III','Operation Stripes are awarded for successively carrying out the missions and tasks assigned to you.','250 Completed Missions.'),(119,-1,-1,'Operations Stripe IV','Operation Stripes are awarded for successively carrying out the missions and tasks assigned to you.','500 Completed Missions.'),(120,-1,-1,'Operations Stripe V','Operation Stripes are awarded for successively carrying out the missions and tasks assigned to you.','1000 Completed Missions.'),(121,-1,-1,'Operations Stripe VI','Operation Stripes are awarded for successively carrying out the missions and tasks assigned to you.','2000 Completed Missions.'),(122,-1,-1,'Pike Tooth III','Pike Tooth medals are awarded for successively focusing on Pike bandits as a target of choice.','1000 Pike bandits eliminated.'),(123,-1,-1,'Pike Tooth IV','Pike Tooth medals are awarded for successively focusing on Pike bandits as a target of choice.','10,000 Pike bandits eliminated.'),(124,-1,-1,'Pike Tooth V','Pike Tooth medals are awarded for successively focusing on Pike bandits as a target of choice.','100,000 Pike bandits eliminated.'),(125,-1,-1,'Scav Hunter III','Scav Hunter medals are awarded for successively focusing on Scav bandits as a target of choice.','1000 Scav bandits eliminated.'),(126,-1,-1,'Scav Hunter IV','Scav Hunter medals are awarded for successively focusing on Scav bandits as a target of choice.','10,000 Scav bandits eliminated.'),(127,-1,-1,'Scav Hunter V','Scav Hunter medals are awarded for successively focusing on Scav bandits as a target of choice.','100,000 Scav bandits eliminated.'),(128,-1,-1,'Tempered Steel III','Tempered Steel medals are awarded for successively focusing on the TemperNet as a target of choice.','1000 TemperNet units eliminated.'),(129,-1,-1,'Tempered Steel IV','Tempered Steel medals are awarded for successively focusing on the TemperNet as a target of choice.','10,000 TemperNet units eliminated.'),(130,-1,-1,'Tempered Steel V','Tempered Steel medals are awarded for successively focusing on the TemperNet as a target of choice.','100,000 TemperNet units eliminated.'),(131,-1,-1,'Xeno Nostra III','Xeno Nostra medals are awarded for successively focusing on Xeno invaders as a target of choice.','1000 Xeno units eliminated.'),(132,-1,-1,'Xeno Nostra IV','Xeno Nostra medals are awarded for successively focusing on Xeno invaders as a target of choice.','10,000 Xeno units eliminated.'),(133,-1,-1,'Xeno Nostra V','Xeno Nostra medals are awarded for successively focusing on Xeno invaders as a target of choice.','100,000 Xeno units eliminated.'),(134,-1,-1,'Zen Lock III','Zen Lock medals are awarded for successively focusing on Zendig warriors as a target of choice.','1000 Zendig warriors eliminated.'),(135,-1,-1,'Zen Lock IV','Zen Lock medals are awarded for successively focusing on Zendig warriors as a target of choice.','10,000 Zendig warriors eliminated.'),(136,-1,-1,'Zen Lock V','Zen Lock medals are awarded for successively focusing on Zendig warriors as a target of choice.','100,000 Zendig warriors eliminated.'),(137,-1,-1,'Kiercing Glance','One of the highest honors possible as a Human, Hestia Corporation reserves the Kiercing Glance medal only for those who demonstrate outstanding exemplary behavior or heroics.','Outstanding exemplary behavior or heroics as a Human.'),(138,-1,-1,'Blood Drop','One of the highest honors possible as a Mutant,  the Archons of The Changed reserve the Blood Drop medal only for those who demonstrate outstanding exemplary behavior or heroics.','Outstanding exemplary behavior or heroics as a Mutant.'),(139,-1,-1,'Intrepid Matrix','One of the highest honors possible as a Biomek  the Biomek Order reserves the Intrepid Matrix medal only for those who demonstrate outstanding exemplary behavior or heroics.','Outstanding exemplary behavior or heroics as a Biomek.'),(140,-1,-1,'Test Driver','Brave and adventurous drivers willing to risk unstable terrain and unpredictable weather with untested vehicles can earn the Test Driver certification.','Participated in Beta Testing.'),(141,-1,-1,'Order of the Defender','A thorough knowledge of the enemies present in Scrap Valley is the surest way to survive them.','Awarded in acknowledgement of your extensive research into the threats and hazards present in Scrap Valley.'),(142,-1,-1,'Student of History','Those who do not learn from history cannot inflict it upon others.','Awarded for research into the origins of the Biomek Order.'),(143,-1,-1,'Amateur Enhancer','Basic knowledge of the Biomek Physiology.','Awarded for an obvious aptitude for and interest in recruitment of future Biomek warriors.'),(144,-1,-1,'Raider Array','The great warriors that founded the Order must remain in our memory. Strive always to emulate their efficient brutality.','Awarded for demonstrating an interest in and awareness of the lessons learned by the Biomechanized Raiders. '),(145,-1,-1,'SAM I','Awarded for defending the skies over the Biomek Pretectorate from TemperNet Skywatch units.','Kill 1 TemperNet Skywatch unit.'),(146,-1,-1,'SAM II','Awarded for defending the skies over the Biomek Protectorate against the TemperNet Skywatch units.','Kill 10 TemperNet Skywatch units.'),(147,-1,-1,'SAM I Am','Awarded for defending the skies over the Biomek Protectorate against the TemperNet Skywatch units.','Kill 100 TemperNet Skywatch units.'),(148,-1,-1,'Convoy Killer','Awarded for halting the delivery of stolen Ore in Scrap Valley by killing 1 Blockade Runner.','Kill 1 Pike Blockade Runner.'),(149,-1,-1,'Convoy Culler','Awarded for halting the delivery of stolen Ore in Scrap Valley by killing 10 Blockade Runner.','Kill 10 Pike Blockade Runner.'),(150,-1,-1,'Convoy Crusher','Awarded for halting the delivery of stolen Ore in Scrap Valley by killing 100 Blockade Runner.','Kill 100 Pike Blockade Runner.'),(151,-1,-1,'Tier-1 Hazard Mode Certification','Having demonstrated the ability to combat robotic armament using conventional tactics and weaponry, this Tier-1 Hazard Mode Certification entitles the recipient to train for the Tier-2 Certification after acquiring a sufficient amount of experience.','Completion of Tier-1 Hazard Mode training.'),(152,3894,1,'Preorder 5% Loot Bonus','You are getting a 5% loot bonus.','Preorder the game.'),(153,-1,-1,'Limited Edition','You get special items for purchasing the limited edition!','Purchase the limited edition of the game.'),(154,-1,-1,'INC Troubleshooter','Member of INC\'s elite customer service team.','Completion of Troubleshooter Certification in Ground Zero.'),(155,5347,1,'Veteran\'s Silver','Awarded for dedicating 3 months toward the struggle for survival in Auto Assault, those in possession of this medal have a better chance to find loot and always find more clink.','Subscribe for 3 months of game access.'),(156,5348,1,'Veteran\'s Gold','Awarded for dedicating 6 months toward the struggle for survival in Auto Assault, those in possession of this medal have a better chance to find loot with special enhancements and always find more clink.','Subscribe for 6 months of game access.'),(157,2392,1,'1UP Scavenger Hunt','Awarded for completing the 1UP Scavenger Hunt event.','Collect 10 1UP Scavenger Hunt Items.'),(158,-1,1,'FilePlanet INC Support Drone','Awarded for participating in the FilePlanet Auto Assault Trial.','Download and play the Fileplanet Auto Assault Trial.');

/*Table structure for table `arena` */

CREATE TABLE `arena` (
  `Id` int(11) NOT NULL,
  `Type` tinyint(3) unsigned NOT NULL,
  `ContinentObject` int(11) NOT NULL,
  `Layer` int(1) NOT NULL,
  `MinNumTeams` tinyint(3) unsigned NOT NULL,
  `MaxNumTeams` tinyint(3) unsigned NOT NULL,
  `MinPlayersPerTeam` tinyint(3) unsigned NOT NULL,
  `MaxPlayersPerTeam` tinyint(3) unsigned NOT NULL,
  `UseForLadder` tinyint(1) NOT NULL,
  PRIMARY KEY (`Id`)
) ENGINE=MyISAM DEFAULT CHARSET=utf8;

/*Data for the table `arena` */

insert  into `arena`(`Id`,`Type`,`ContinentObject`,`Layer`,`MinNumTeams`,`MaxNumTeams`,`MinPlayersPerTeam`,`MaxPlayersPerTeam`,`UseForLadder`) values (9,0,770,1,2,4,1,8,1),(10,1,791,1,2,4,1,32,1),(7,0,676,1,2,3,1,8,0),(8,0,678,1,2,2,4,32,0);

/*Table structure for table `character` */

CREATE TABLE `character` (
  `AccountId` bigint(20) unsigned NOT NULL,
  `Coid` bigint(20) NOT NULL,
  `Cbid` int(11) NOT NULL,
  `TeamFaction` int(11) NOT NULL,
  `Race` tinyint(3) unsigned NOT NULL,
  `Class` tinyint(3) unsigned NOT NULL,
  `LastMapId` int(11) unsigned NOT NULL,
  `LastStationId` int(11) NOT NULL,
  `LastStationMapId` int(11) NOT NULL,
  `X` float NOT NULL,
  `Y` float NOT NULL,
  `Z` float NOT NULL,
  `Q1` float NOT NULL,
  `Q2` float NOT NULL,
  `Q3` float NOT NULL,
  `Q4` float NOT NULL,
  `Head` int(10) NOT NULL,
  `Body` int(10) NOT NULL,
  `HeadDetail` int(10) NOT NULL,
  `HeadDetail2` int(10) NOT NULL,
  `Hair` int(10) NOT NULL,
  `Mouth` int(10) NOT NULL,
  `Eyes` int(10) NOT NULL,
  `Helmet` int(10) NOT NULL,
  `PrimaryColor` int(10) unsigned NOT NULL,
  `SecondaryColor` int(10) unsigned NOT NULL,
  `EyeColor` int(10) unsigned NOT NULL,
  `HairColor` int(10) unsigned NOT NULL,
  `SkinColor` int(10) unsigned NOT NULL,
  `SpecialColor` int(10) unsigned NOT NULL,
  `Level` tinyint(3) unsigned NOT NULL,
  `Name` tinytext NOT NULL,
  `ScaleOffset` float NOT NULL,
  `ActiveVehicleCoid` bigint(20) NOT NULL,
  `Scale` float NOT NULL,
  `CombatMode` int(10) unsigned NOT NULL,
  `BattleMode` smallint(5) NOT NULL,
  `Credits` bigint(20) unsigned NOT NULL,
  `CreditsDebt` bigint(20) unsigned NOT NULL,
  `KMTravelled` float NOT NULL,
  `Online` tinyint(3) unsigned NOT NULL,
  PRIMARY KEY (`Coid`)
) ENGINE=MyISAM DEFAULT CHARSET=utf8;

/*Data for the table `character` */

/*Table structure for table `clan` */

CREATE TABLE `clan` (
  `ClanId` bigint(20) unsigned NOT NULL,
  `Name` tinytext NOT NULL,
  `MOTD` text NOT NULL,
  `RankOne` tinytext NOT NULL,
  `RankTwo` tinytext NOT NULL,
  `RankThree` tinytext NOT NULL,
  `MonthlyDues` int(11) NOT NULL,
  `MonthlyUpkeep` int(11) NOT NULL,
  `ClanOwner` bigint(20) NOT NULL,
  PRIMARY KEY (`ClanId`)
) ENGINE=MyISAM DEFAULT CHARSET=utf8;

/*Data for the table `clan` */

/*Table structure for table `clan_member` */

CREATE TABLE `clan_member` (
  `ClanId` bigint(20) unsigned NOT NULL,
  `CharCoid` bigint(20) NOT NULL,
  `Rank` int(11) NOT NULL,
  `LastPaidDues` bigint(20) NOT NULL,
  `LastOnline` bigint(20) NOT NULL,
  `JoinDate` bigint(20) NOT NULL,
  PRIMARY KEY (`ClanId`,`CharCoid`)
) ENGINE=MyISAM DEFAULT CHARSET=utf8;

/*Data for the table `clan_member` */

/*Table structure for table `config_new_character` */

CREATE TABLE `config_new_character` (
  `Race` tinyint(3) unsigned NOT NULL,
  `Class` tinyint(3) unsigned NOT NULL,
  `OptionCode` int(11) NOT NULL,
  `PowerPlant` int(11) NOT NULL,
  `Armor` int(11) NOT NULL,
  `RaceItem` int(11) NOT NULL,
  `SkillBattleMode1` int(11) unsigned NOT NULL,
  `SkillBattleMode2` int(11) unsigned NOT NULL,
  `SkillBattleMode3` int(11) unsigned NOT NULL,
  `StartSkill` int(11) unsigned NOT NULL,
  `StartTown` int(11) NOT NULL,
  `Trailer` int(11) NOT NULL,
  `Vehicle` int(11) NOT NULL,
  `Weapon` int(11) NOT NULL,
  PRIMARY KEY (`Race`,`Class`)
) ENGINE=MyISAM DEFAULT CHARSET=utf8;

/*Data for the table `config_new_character` */

insert  into `config_new_character`(`Race`,`Class`,`OptionCode`,`PowerPlant`,`Armor`,`RaceItem`,`SkillBattleMode1`,`SkillBattleMode2`,`SkillBattleMode3`,`StartSkill`,`StartTown`,`Trailer`,`Vehicle`,`Weapon`) values (0,0,-1,2800,316,5782,3826,5164,5167,660,707,-1,19659,69),(0,1,-1,2800,316,5782,3840,3843,3844,667,707,-1,19658,69),(0,2,-1,2800,316,5782,3858,3862,5161,819,707,-1,19657,69),(0,3,-1,2800,316,5782,5170,5178,5181,2103,707,-1,19656,8096),(1,0,-1,1831,317,5805,3829,5165,5168,548,698,-1,19655,69),(1,1,-1,1831,317,5805,3839,3841,3845,701,698,-1,19654,69),(1,2,-1,1831,317,5805,3859,3865,5162,784,698,-1,19653,69),(1,3,-1,1831,317,5805,5176,5179,5182,764,698,-1,19652,8096),(2,0,-1,1823,315,6002,3830,5166,5169,549,708,-1,19651,69),(2,1,-1,1823,315,6002,3838,3842,3846,666,708,-1,19650,69),(2,2,-1,1823,315,6002,3860,3866,5163,791,708,-1,19649,69),(2,3,-1,1823,315,6002,5177,5180,5183,869,708,-1,19648,8096);

/*Table structure for table `continent_area` */

CREATE TABLE `continent_area` (
  `ContinentObject` int(11) NOT NULL,
  `Area` tinyint(3) unsigned NOT NULL,
  `XPLevel` int(11) NOT NULL,
  `AreaName` text NOT NULL,
  PRIMARY KEY (`ContinentObject`,`Area`)
) ENGINE=MyISAM DEFAULT CHARSET=utf8;

/*Data for the table `continent_area` */

insert  into `continent_area`(`ContinentObject`,`Area`,`XPLevel`,`AreaName`) values (691,1,1,'Green land'),(691,6,2,'Lower Right and Upper Middle'),(691,9,3,'Top mid and left M'),(691,2,4,'Rainy place'),(691,31,5,'Snowy'),(691,3,6,'Goo Town'),(707,5,1,'Airlock'),(398,2,7,'Flashfreeze'),(398,3,10,'Wildor Hills'),(398,4,6,'Truckstop'),(398,5,6,'Southern Perimeter'),(398,6,7,'Bramble Flats'),(398,7,14,'Slaughterville'),(398,8,16,'Winston Perimeter'),(398,9,18,'Osborn Drainage'),(398,10,9,'Ghost Hill'),(398,11,10,'Rusty Passage'),(398,12,11,'Halfmoon Creek'),(398,13,13,'Bennett Broadlands'),(708,0,0,'Wastes'),(708,1,0,'Wastes'),(708,2,1,'Outer Wastes'),(708,3,1,'Excavated Ruins'),(708,4,2,'Challenge Pit'),(707,1,0,'Maintenance Garage'),(688,1,2,'Wastes Entrance'),(688,2,2,'Elderville'),(688,4,3,'Refinery'),(688,5,3,'Contaminated Zone'),(688,6,2,'Tailingtown'),(688,8,3,'Eastern Rimrock Village'),(688,10,3,'Western Rimrock Village'),(688,11,4,'Fort Logan DMZ'),(688,12,3,'The Pit'),(707,2,1,'Bay 313 Trial Zone'),(707,3,1,'Bay 313 Caverns'),(698,0,0,'Tierra Roja Dam'),(698,1,0,'Path of the Warrior'),(698,2,1,'Dam Control Complex'),(698,3,1,'Tierra Roja Dam'),(698,4,1,'Road to Tierra Roja'),(707,4,2,'Emergence Terrace'),(694,1,2,'The Northern Escarpment'),(694,2,2,'The Eastern Wall'),(694,3,3,'Blood Lake'),(694,4,2,'The Western Wall'),(694,5,3,'Mesa Roja'),(694,6,3,'Shaman\'s Valley'),(694,7,4,'Crawler Caves'),(694,8,4,'Tierra Roja Oil Field'),(694,9,5,'Ruins of Tierra Roja'),(694,10,5,'The Pike Lands'),(694,11,4,'The Dune Sea'),(694,12,4,'The Steppes'),(688,3,3,'Enhancement Facility'),(426,1,8,'Scav\'s Run'),(426,28,5,'Upside Port of Entry'),(426,10,5,'Twin Lakes HARP'),(426,9,10,'The Iron Hills'),(426,2,8,'Fall of Industry'),(426,3,10,'The Contested Gorge'),(426,11,12,'The Railyard'),(426,19,15,'Eventide Valley'),(426,26,13,'Zendig\'s Retreat'),(426,25,18,'West \'80'),(426,18,16,'North \'21'),(426,17,15,'Thugz Town'),(426,27,10,'The Old Reserves'),(414,0,0,'667 N - Western Front'),(414,1,5,'Tocado Outskirts'),(727,1,1,'one test'),(727,2,2,'two test'),(727,3,3,'three test'),(727,4,4,'four test'),(727,5,5,'five test'),(727,6,6,'six test'),(727,7,7,'seven test'),(727,8,8,'eight test'),(392,1,5,'Tocado'),(392,2,5,'West Commercial District'),(392,3,5,'Temple of the Change'),(392,4,5,'Refinery Pit'),(392,5,5,'Residential District'),(392,6,5,'Foundry District'),(392,7,5,'East Commercial District'),(398,15,8,'Northern Perimeter'),(617,2,21,'The Killing Ring'),(617,3,21,'Desperation Alley'),(414,29,12,'Hi-Shot Mesas'),(414,30,12,'The VLA'),(462,0,0,'Bloodsteel Mines'),(462,1,11,'Mine Road 1'),(462,2,11,'Mine Road 2'),(462,3,11,'Barracks'),(462,4,11,'Test Mine'),(462,5,11,'Piling Yards'),(462,6,11,'Separation Ponds'),(462,7,11,'Old Mines'),(464,0,0,'Temple Mountain'),(464,1,19,'Jared\'s Path'),(464,2,19,'Pilgrim\'s Station'),(464,3,19,'Fuel Depot'),(464,4,20,'Temple of Jared'),(464,5,19,'Lumber Town Ruins'),(464,6,19,'Old Logging Road'),(464,7,19,'Logging Camp'),(464,8,19,'Temple Forest'),(464,9,19,'Bronci\'s Rift'),(515,0,0,'Old Town'),(515,1,16,'Old Town Ruins'),(515,2,16,'Cliffside Ruins'),(515,3,16,'Tomis\' Camp'),(515,4,17,'Granby Acres'),(461,1,19,'WindJammer Base'),(460,1,9,'Russet Refinery Zone'),(460,2,9,'Old Russet Town'),(460,3,9,'The Russet Mines'),(459,1,15,'Suicide Hills'),(459,3,15,'Bonfire Flats'),(459,2,15,'T Street'),(679,1,1,'Jake\'s Upside Greasepit'),(554,1,13,'Aurora'),(561,1,10,'Scav Alley'),(550,1,15,'Fireline'),(532,1,15,'Exit to Scrap Valley'),(532,2,15,'South Winston'),(532,3,15,'North Winston'),(532,4,15,'Grease Pit'),(532,5,15,'Research and Development'),(580,1,22,'Alligrake Flats'),(580,2,25,'Wide Band Bend'),(580,3,28,'Lake Bohica'),(580,4,30,'Rusted Routes'),(580,5,26,'Apollo Plateau'),(580,6,33,'Chemical Valley'),(580,7,32,'Lost Beyond'),(580,8,30,'The Derelict Cold'),(661,1,60,'Biomek HQ'),(661,3,60,'La Tour Aride'),(661,2,60,'Fallback'),(661,4,60,'Redline'),(661,5,60,'Blacklake'),(661,6,60,'Human HQ'),(661,7,60,'Aftermath'),(661,8,60,'Nachtman\'s Watch'),(661,9,60,'Bunker 13'),(661,10,60,'Mutant HQ'),(661,11,60,'Boneyard'),(661,12,60,'Nexus'),(661,13,60,'Cobalt 59'),(661,14,60,'Last Stand'),(661,15,60,'Xenomarsh'),(661,16,60,'Sulfur'),(661,17,60,'Base K'),(661,18,60,'Graverust'),(661,19,60,'Justice HQ'),(661,20,80,'Ground Zero'),(580,9,1,'Rolling Steppes'),(581,1,20,'Crossfire Passage'),(581,2,25,'Osborn Base'),(581,3,22,'Crushmine Crossing'),(581,4,24,'Bombard Pass'),(581,5,27,'Alleycrawl'),(581,6,23,'INC Base'),(581,7,31,'North Crystal Fields'),(581,8,28,'West Upridge'),(581,9,29,'East Upridge'),(581,10,30,'Overlook Entrance'),(581,11,36,'Northern Rim'),(581,12,32,'South Crystal Fields'),(581,13,33,'Bunker'),(581,14,38,'Mannafall Trench'),(581,15,39,'Pod Crater'),(581,16,38,'Southern Rim'),(581,17,36,'Rustgully'),(581,18,35,'Grake Grotto'),(581,19,34,'Spore Field'),(415,0,0,'Fetid Bayou'),(415,1,20,'The Wilds'),(415,2,21,'Observatory'),(415,3,22,'Southern Marshlands'),(415,4,23,'Sanctuary Outskirts'),(415,5,24,'Northern Marshlands'),(415,6,25,'Scav Territory'),(415,7,26,'Alligrake Breeding Grounds'),(415,8,27,'Exile Camp'),(415,9,28,'Highway 667 North'),(415,10,29,'Crossroads'),(415,11,30,'Highway 100 West'),(415,12,31,'Route 14 West'),(415,13,32,'Payne Territory'),(415,14,33,'CB\'er Territory'),(415,15,34,'Deep Swamp'),(415,16,35,'Angel Point'),(415,17,36,'Wetlands'),(415,18,37,'King\'s Grave'),(415,19,38,'Alligrake Island'),(415,20,30,'Route 14 East'),(415,21,30,'Highway 667 South'),(415,22,30,'Highway 100 East'),(598,1,15,'Back Entrance'),(598,2,15,'Main Entrance'),(598,3,15,'Pumping Station'),(598,4,15,'Interrogation Center'),(598,5,15,'Residence District'),(598,6,15,'Ruined INC Repair Station'),(598,7,15,'Titanium Refinery Depot'),(598,8,15,'Vehicle Detention Center'),(598,10,15,'Command Center'),(598,11,15,'Abandoned Biomek Power Station'),(579,1,13,'Titanium Factory Entrance'),(579,2,13,'Freight Bypass'),(579,3,13,'Exit to Cinderfall'),(579,4,14,'TemperNet Patrol Zone'),(579,5,15,'Storage Facility'),(596,1,30,'Exit to Cinderfall'),(414,2,5,'Road to Tocado'),(580,10,29,'Falls Ridge'),(596,2,30,'Bunker'),(591,1,28,'Raider and Ma Mary'),(527,1,27,'Observation Station'),(527,2,27,'Exit to Cinderfall'),(527,3,27,'Overlook'),(608,1,20,'Detention Center'),(622,1,40,'Trio Island'),(622,2,40,'Scav Heights'),(622,3,40,'Outflow Mire'),(622,4,40,'Palisade Passage'),(622,5,40,'Brackling Wash'),(622,6,40,'Wreckridge Plateau'),(622,7,40,'Reject Wallow'),(622,8,40,'Savagemist Fen'),(622,9,40,'Azure Pass'),(622,10,40,'Agony Marsh'),(622,11,40,'Brinewash Basin'),(622,12,40,'Dockside'),(622,13,40,'Trepidation Flats'),(622,14,40,'Piton Ridge'),(622,15,40,'Enhancipation Point'),(645,1,50,'Exit to Moat'),(645,2,50,'Dezpero\'s Grinder'),(645,3,50,'The Enclave'),(645,4,50,'Eastern Passages'),(645,5,50,'Southern Cavern'),(645,6,50,'Central Passages'),(645,7,50,'Northern Cavern'),(625,1,42,'Dunlap\'s Compound'),(625,2,42,'2'),(625,3,42,'3'),(625,4,42,'4'),(416,1,40,'The Bridge'),(416,2,41,'The Five Veils'),(416,3,42,'Downtown'),(416,4,43,'The Changed Highway'),(416,5,44,'The Changed Hills'),(416,6,45,'The East End'),(416,7,46,'The Western Oil Fields'),(416,8,47,'Old World Shopping Center'),(416,9,48,'Tornado Alley'),(416,10,49,'Mid-Town'),(416,11,50,'The Suburbs'),(416,12,51,'Suburban Hills'),(416,13,52,'The Great Interchange'),(416,14,53,'Uptown'),(416,15,54,'The Radiation Beltway'),(416,16,55,'The City Limits'),(416,17,56,'North Impact Crater'),(416,18,56,'East Impact Crater'),(416,19,56,'West Impact Crater'),(416,20,56,'The Tears of God'),(638,1,44,'Rock Bottom'),(638,2,47,'The Pit'),(638,3,45,'Steel Ridge'),(638,4,43,'Windswept Flats'),(638,5,56,'Sunken Remains'),(638,6,40,'Twin Pines'),(638,7,40,'Eastern Mire'),(638,8,53,'Darkwater Lowlands'),(638,9,46,'The Charred Outland'),(638,10,55,'Darkwater Highlands'),(638,11,51,'The Precinct'),(638,16,50,'The Firing Line'),(638,17,57,'Declining Wastes'),(638,18,46,'Shade'),(552,1,0,'Exit to Fetid Bayou'),(552,2,23,'The Lost Oasis'),(552,3,23,'The Canyonlands'),(552,4,23,'The Switchback'),(552,5,23,'The Northern Rift'),(552,6,23,'El Corazon'),(552,7,23,'The Western Arches'),(552,8,23,'The Southern Ridges'),(552,9,23,'The Hidden Valley'),(552,10,0,'Exit to Sanctuary'),(589,1,34,'Exit to Crossroads'),(589,2,0,'Cber Command'),(589,3,0,'Supervisor\'s Office'),(602,1,0,'Hestia Mainstay'),(602,2,0,'The Falls Outskirts'),(602,3,0,'Truckers\' Code'),(602,4,27,'Exit to Highway 80 - Hydroelectric'),(602,5,0,'The Crib'),(592,2,0,'Trade Markets'),(592,3,0,'Downstown'),(592,4,0,'The Water Tower'),(592,5,0,'Upstown'),(592,6,0,'The Gathering Place'),(531,1,23,'Exit to Barancas'),(531,2,0,'The Rake Pens'),(531,3,0,'Zendig Communal Housing'),(531,4,0,'The Smokehouse'),(531,5,0,'The Meeting Hall'),(531,6,0,'The Trading Post'),(531,7,0,'The Elder Commune'),(531,8,0,'Exit to Fetid Bayou'),(531,9,0,'Trader\'s Housing'),(531,10,0,'The Dye Center'),(531,11,0,'The Springs'),(600,1,0,'Baseline'),(600,2,0,'Lake Delta'),(600,3,0,'The Rise'),(600,4,28,'Exit to Highway 80 - Hydroelectric'),(600,5,0,'Dreamtime'),(648,1,40,'Exit to the Grand Junction'),(648,2,0,'The Champion\'s Quarter'),(648,3,0,'The Avenger\'s Quarter'),(648,4,0,'The Shaman\'s Quarter'),(648,5,0,'The Archon\'s Quarter'),(648,6,0,'The Temple of the Way'),(648,7,0,'The Walk of Heroes'),(654,1,50,'Exit to Grand Junction'),(654,2,0,'Exit to the Depths'),(654,3,0,'The Drain'),(654,4,0,'Water Taker'),(654,5,0,'Water Giver'),(654,6,0,'The Warren'),(595,1,0,'Exit to Outfall'),(595,2,25,'Exit to Highway 80 - Hydroelectric'),(595,3,0,'Flynn\'s Alley'),(595,4,0,'Apollo Core'),(595,5,0,'Apollo Circuit'),(644,1,56,'Dark Reach'),(644,2,56,'Dark Hollow'),(644,3,56,'Darkwater Swamp'),(644,4,56,'Mutants\' Revenge'),(644,5,56,'Exit to Highway 99 - Choppin\' Maul'),(644,6,56,'LOA Watch'),(640,1,48,'Skyward City'),(640,2,48,'Skyward Palisades Drive-in'),(640,3,48,'Skyward Dump'),(640,4,48,'Reeking Fen'),(640,5,48,'Exit to Highway 99 - Choppin\' Maul'),(640,6,48,'FLC Forward'),(640,7,48,'The Bunker'),(597,1,40,'Exit to Moat'),(597,2,1,'Moldgrowth Forest'),(597,3,1,'Bitter Morass'),(597,4,1,'Sour Marshes'),(597,5,1,'Charnel Pass'),(597,6,1,'Greenmud Flats'),(597,7,1,'Reeking Channel'),(597,8,1,'Lujuri\'s Retreat'),(762,1,0,'Meteor Weather'),(762,2,0,'Biomek Weather'),(762,3,0,'Human Weather'),(762,4,0,'Mutant Weather'),(653,1,0,'Exit to Tocado'),(653,2,0,'Home'),(598,12,0,'Exit to Cinderfall'),(598,13,0,'Exit to Detour'),(554,2,0,'Exit to Highway 21 - Militia Base'),(550,2,0,'Exit to Highway 21 - Militia Base'),(416,29,0,'Exit to the Warren'),(638,19,0,'Exit to Ground Zero'),(638,20,0,'Exit to The Duenna Deeps'),(638,21,0,'Exit to Steel Fields'),(638,22,0,'Exit to Dark Hollow'),(638,23,0,'Exit to Fasthold'),(638,24,0,'Exit to Highway 80 - Hydroelectric'),(580,15,0,'Exit Lost Stronghold'),(580,16,0,'Exit to Outfall'),(580,17,0,'Exit to Geinsville'),(580,18,0,'Exit to The Killing Ring'),(580,19,0,'Exit to Apollo'),(580,20,0,'Exit to Dream Time'),(580,21,0,'Exit to The Falls'),(580,22,0,'Exit to Highway 21 - Militia Base'),(580,23,0,'Exit to Highway 80 - Choppin Maul'),(652,4,0,'Exit to Highway 80 - Choppin Maul'),(622,16,0,'Exit to Cinderfall'),(622,17,0,'Exit to Canal'),(622,18,0,'Exit to Root'),(622,19,0,'Exit to New Tocado'),(622,20,0,'Exit to Immolation'),(622,21,0,'Exit to Ground Zero'),(622,22,0,'Exit to Ground Zero'),(622,23,0,'Exit to Ground Zero'),(522,1,0,'Command Center'),(522,2,0,'Residential Quarter'),(522,3,0,'Exit to Malachite Mine'),(522,4,0,'Merchant Row'),(522,5,0,'Craftsmek\'s Quarter'),(522,6,0,'Exit to Scrap Valley'),(523,10,0,'Exit to Scrap Valley'),(415,23,0,'Exit to Western Front'),(415,24,0,'Exit to Grand Junction'),(415,25,0,'Exit to Sanctuary'),(415,26,0,'Exit to  Barrancas'),(415,27,0,'Exit to Blood Farm'),(415,28,0,'Exit to Sour Mash Creek'),(415,29,0,'Exit to Slaughter'),(415,30,0,'Exit to Crossroads'),(694,13,0,'Exit to Tocado'),(392,8,0,'Exit to Proving Grounds'),(392,9,0,'Exit to Western Front'),(739,3,0,'Exit to Western Front'),(589,4,0,'test for ivan'),(772,3,0,'Out of Bounds'),(784,1,18,'Welcome Hall'),(693,1,1,'The Ruin Fields'),(693,2,2,'Hazard Course'),(693,3,3,'Ascent Station'),(558,1,0,'Emergence Plaza'),(693,19,5,'The Drone Range'),(693,4,6,'The Pileyard'),(398,1,5,'Old Logan'),(398,14,7,'Spill Site'),(399,1,8,'Bizmark Tunnel'),(399,2,8,'Southern Stretch'),(399,3,8,'Downrange Pass'),(399,4,8,'Northern Stretch'),(399,5,8,'Bizmark Mesa'),(399,6,9,'Alamosa Ridge'),(399,7,9,'Northern Ridge'),(399,8,9,'Northern Compound'),(399,9,9,'Southern Compound'),(399,10,9,'Crystal Ridge'),(518,0,0,'Omphala'),(518,1,0,'Exit to Western Front'),(518,2,15,'Jared\'s Park'),(518,3,15,'Fabrication Block'),(518,4,15,'Reactor Block'),(518,5,15,'Control Block'),(518,6,15,'The Grand Refinery'),(518,7,15,'Montaine Manor'),(518,8,15,'Eastern Block'),(518,9,15,'Western Block'),(580,14,29,'Apollo Port of Entry'),(526,1,20,'Exit to Cinderfall'),(526,2,20,'Commercial District'),(526,3,20,'Residential District'),(526,4,20,'Resource Depot'),(526,5,20,'Billings\' Luck Tunnel'),(652,1,42,'Duenna Maintenance Shafts'),(652,2,42,'The Duenna Deeps'),(652,3,42,'The Outer Rim'),(588,1,40,'West Expansion Area'),(588,2,40,'South Expansion Area'),(588,3,40,'Exit to Moat'),(588,4,40,'Mercantile District'),(588,5,40,'The Foundry'),(588,6,40,'Manufacturing District'),(567,1,40,'Exit to Fetid Bayou'),(567,2,40,'Sour Mash Creek'),(567,3,40,'The West Bank'),(567,4,40,'The East Bank'),(567,5,40,'Sour Mash Falls'),(567,6,40,'The Payne Distillery'),(592,1,0,'Exit to Fetid Bayou'),(599,1,0,'Revival'),(599,2,32,'Exit to Highway 80 - Hydroelectric'),(739,1,0,'Exit to Squentin\'s Gardens'),(739,2,0,'Auryn\'s Monument'),(566,1,30,'The Hold'),(566,2,30,'Derelicts\' Claim'),(566,3,30,'The Lost Stronghold'),(566,4,30,'Electric Monastery'),(566,5,30,'Winding Pass'),(566,6,30,'Exit to Highway 80 - Hydroelectric'),(646,1,0,'Reserve Quarter'),(646,2,0,'Officers\' Quarter'),(646,3,0,'Defense Quarter'),(646,4,40,'Exit to Highway 99 - Choppin\' Maul'),(646,5,0,'Trade Quarter'),(658,1,45,'Stalwart Tower'),(658,2,0,'Don\'t Look Here'),(707,6,0,'Exit to Backrange'),(637,1,40,'Exit to the Borderlands'),(637,2,0,'Waylan\'s Cave'),(461,2,0,'Exit to Highway 21 - Militia Base'),(698,5,0,'Exit to Proving Grounds'),(717,4,0,'Exit to Proving Grounds'),(462,8,0,'Exit to Western Front'),(464,10,0,'Exit to Western Front'),(772,1,0,'lake placebo ski jump'),(772,2,0,'the pass'),(784,2,18,'Temple Supplies'),(784,3,18,'Armory'),(784,4,18,'Union Gate'),(787,1,80,'Entrance Able'),(787,2,80,'Bravo Depot'),(787,3,80,'Charlie Compound'),(787,4,80,'Delta Mines'),(787,5,80,'Echo Approach'),(787,6,80,'Tower Command'),(789,1,18,'Highside'),(789,2,0,'Hamden\'s Hideout'),(789,3,18,'Spillwater Bridge'),(789,4,18,'Leftover Mall'),(789,5,18,'Lowside'),(789,6,18,'The Junkyard'),(785,1,18,'Detention Entrance'),(785,2,18,'Processing Yard'),(785,3,18,'Labor Yard'),(785,4,18,'Indoctrination Yard'),(694,14,0,'Exit to La Leche Madre'),(717,1,2,'Upper Plain'),(717,2,2,'Salvador\'s Cavern'),(717,3,2,'Lower Plain'),(524,1,14,'Borderton'),(524,2,0,'Exit to Western Front North'),(524,3,0,'Exit to Western Front South'),(414,3,7,'Pike Mine'),(414,4,6,'Blood Springs'),(414,5,6,'Auryn\'s Redoubt'),(414,6,6,'The Manor'),(414,7,7,'Blood River'),(414,8,7,'Squentin\'s Garden'),(414,9,7,'Hidden Valley'),(414,10,9,'Scav Plateau'),(414,11,9,'Feeder Highway'),(414,12,14,'Pike Grease Pit'),(414,13,14,'Blossom Fields'),(414,14,14,'Road to Omphala'),(414,15,14,'Omphala Plateau'),(414,16,14,'Blasted Plains'),(414,17,15,'Burning Pond'),(414,18,16,'Old Ruins'),(414,19,16,'Old Town Outskirts'),(414,20,19,'Road to Fetid Bayou'),(414,21,20,'Blood River Delta'),(414,22,18,'Pilgrims\' Road'),(414,23,17,'Sundered Mountain'),(414,24,10,'Bloodsteel Badlands'),(414,25,11,'Bloodsteel Mines Entrance'),(414,26,12,'INC Substation 26'),(414,27,22,'Pike Territory'),(523,1,15,'Halfmoon Hill Entrance'),(523,2,15,'Mining Complex Entrance'),(523,3,15,'Northern Ruins'),(523,4,15,'Frange Mine'),(523,5,15,'Prescott Mine'),(523,6,15,'Derelict-Controlled Mine'),(523,7,15,'Choked Roadway'),(523,8,15,'Southern Ruins'),(523,9,16,'The Dustman\'s Compound'),(404,1,19,'Fort Billings DMZ'),(404,2,19,'Southern Plateau'),(404,3,19,'Northern Plateau'),(404,4,20,'Exit to Fort Billings'),(528,1,10,'Crumblebum Quarter'),(528,2,10,'Rattletrap Quarter'),(528,3,10,'Deficient Quarter'),(528,4,10,'Wastrel Quarter'),(528,5,10,'Exit to Scrap Valley'),(528,6,10,'Recycling Pit'),(426,22,17,'The North \'21 Caverns'),(580,11,23,'Blind Bandit Basin'),(580,12,26,'Shadow of Apollo'),(580,13,28,'Glass Rock Quarry'),(612,1,24,'Exit to Fetid Bayou'),(612,2,0,'Residential Quarters'),(612,3,0,'Crafter Quarters'),(612,4,0,'Bloodfarm Control Area'),(612,5,0,'Trade Quarters'),(612,6,0,'The Breach'),(609,1,0,'Exit to Fetid Bayou'),(609,2,0,'Residential Quarters'),(609,3,0,'Crafter Quarters'),(609,4,0,'Bloodfarm Control Area'),(609,5,0,'Trade Quarters'),(609,6,0,'The Breach'),(661,27,60,'Mutant Moat Exit'),(661,28,60,'Biomek Moat Exit'),(661,29,60,'Human Moat Exit'),(638,14,0,'Duenna Entrance Tunnel'),(638,15,0,'Duenna Port of Entry'),(561,2,0,'Exit to Highway 21 - Militia Base'),(586,9,0,'Exit to Overlook'),(584,3,26,'Exit to Scrap Valley'),(584,2,25,'Twin-Ridge Road'),(584,1,24,'Exit to Cinderfall'),(584,4,25,'Erazimuth Pit'),(584,5,27,'Detention Facility'),(586,1,30,'Overlook Outskirts'),(586,2,30,'Sidewind Rim'),(586,3,30,'Stumblestone Passage'),(586,4,30,'Green Needles'),(586,5,31,'Spinerock Grotto'),(586,7,31,'Boglands'),(586,8,31,'Wreck Site'),(527,4,20,'Alien Energy Research (AER)'),(641,1,50,'Exit to Moat'),(641,2,50,'Lujuri\'s Landing'),(641,3,50,'Well of Agony'),(641,4,50,'Heights of Ecstasy'),(641,5,50,'Cruel Love Walkway'),(641,6,50,'Invierto Crossing'),(585,1,34,'Northern Exit'),(585,2,34,'Southern Exit'),(585,3,34,'Crossroads'),(602,6,0,'The Reservoirs'),(643,1,50,'Exit to the Warren'),(643,2,0,'Exit to Grand Junction'),(643,3,0,'Plunge Pool'),(643,4,0,'Control Chambers'),(643,5,0,'Grit Chamber'),(643,6,0,'Retention Basin'),(643,7,0,'Overflow Chamber'),(643,8,0,'Access Tunnel'),(661,21,60,'Biomek Choppin\' Maul Exit'),(661,22,60,'Human Choppin\' Maul Exit'),(661,23,60,'Mutant Choppin\' Maul Exit'),(661,24,60,'Human Grand Junction Exit'),(661,25,60,'Mutant Grand Junction Exit'),(661,26,60,'Biomek Grand Junction Exit'),(459,4,0,'Exit to Highway 21 - Militia Base'),(460,4,0,'Exit to Highway 21 - Militia Base'),(398,16,0,'Exit to Fort Logan'),(398,17,0,'Exit to Fort Logan Nanite Facility'),(398,18,0,'Exit to Big Horn Canyon'),(398,19,0,'Exit to Canyon Run'),(398,20,0,'Exit to Rust'),(398,21,0,'Exit to  Winston'),(398,22,0,'Exit to Half Moon Hill'),(398,23,0,'Exit to Cinderfall'),(398,24,0,'Exit to Osborn Pass'),(581,20,0,'Exit to Scrapvalley'),(581,21,0,'Exit to Unionville'),(581,22,0,'Exit to Detour'),(581,23,0,'Exit to Titanium Factory'),(581,24,0,'Exit to Osborn Pass'),(581,25,0,'Exit to Overlook'),(581,26,0,'Exit to Bunker'),(581,27,0,'Exit to Bunker Nanite Facility'),(581,28,0,'Exit to The Moat'),(581,29,0,'Bastion'),(404,5,0,'Exit to Scrap Valley'),(399,11,0,'Exit to Scrap Valley'),(515,5,0,'Exit to Western Front'),(768,1,0,'Arena Entry'),(768,2,0,'Transfer Tunnel'),(768,3,0,'Hell\'s Highway'),(768,4,0,'Murder Yard'),(768,5,0,'Meat Grinder'),(624,1,41,'Exit to Moat'),(624,2,41,'Battlescar Hills'),(624,3,41,'Eastern Shore'),(624,4,41,'Northern Shore'),(624,5,41,'Jade\'s Compound'),(624,6,41,'Dunlap\'s Compound'),(624,7,41,'Western Shore'),(624,8,41,'Cliffedge'),(624,9,41,'Billings\' Compound'),(585,4,0,'Cber Command Post'),(558,2,5,'Hearth Park'),(558,3,0,'New Earth Yard'),(558,4,0,'Exit to Highway 21 - Militia Base'),(626,1,55,'Southern Exit to Grand Junction'),(626,2,0,'Waylan\'s Trail'),(626,3,0,'Waylan\'s Cave'),(626,4,0,'Human Territory'),(626,5,0,'The Great Rift'),(626,6,0,'The Listening Post'),(626,7,55,'Northern Exit to Grand Junction'),(626,8,0,'Biomek Territory'),(626,9,0,'The Eastern Steppes'),(626,10,0,'The Western Steppes'),(626,11,0,'The Road to Nowhere'),(593,1,37,'Lake Truckler'),(593,2,37,'The Greenbelt'),(593,3,37,'The Crash Site'),(593,4,37,'Hidden Bastion'),(593,5,37,'The Ruins'),(593,6,0,'Exit to Highway 80 - Hydroelectric'),(651,1,48,'Exit to Grand Junction'),(651,2,0,'Echo Canyon'),(655,1,0,'Exit to Grand Junction'),(655,2,0,'Echo Canyon'),(656,1,0,'Exit to Grand Junction'),(656,2,0,'Echo Canyon'),(603,1,0,'Exit to Highway 80 - Hydroelectric'),(603,2,30,'Outfall Canals'),(603,3,0,'Exit to Apollo'),(639,1,0,'HARP Laboratories'),(639,2,50,'Exit to Highway 99 - Choppin\' Maul'),(639,3,0,'Fasthold'),(639,4,0,'Fasthold Garrison'),(416,21,0,'Exit to the Fetid Bayou'),(416,22,0,'Exit to the Citadel'),(416,23,0,'Exit to Echo Canyon'),(416,24,0,'Exit to Ground Zero'),(416,25,0,'Exit to Ground Zero'),(416,26,0,'Exit to Ground Zero'),(416,27,0,'Exit to the Borderlands'),(416,28,0,'Exit to the Depths'),(693,5,0,'Exit to Upside'),(426,4,0,'Exit to Highway 80 - Hydroelectric'),(426,5,0,'Exit to Upside'),(426,6,0,'Exit to Scav Alley'),(426,7,0,'Exit to Fireline'),(426,8,0,'Exit to Suicide Town'),(426,12,0,'Exit to Windjammer'),(426,13,0,'Exit to Aurora'),(426,14,0,'Exit to Russet Iron Mine'),(558,5,0,'Exit to Backrange'),(558,6,0,'Exit to Jakes Garage'),(679,2,0,'Exit to Upside'),(638,25,0,'Exit to Ground Zero'),(638,26,0,'Exit to Ground Zero'),(708,5,0,'Exit to Malachite Copper Mines'),(688,13,0,'Exit to Fort Logan'),(579,6,0,'Exit to Cinderfall'),(579,7,0,'Exit to Titanium Factory'),(744,1,70,'INC Trans Facility'),(744,2,0,'North Exit to Ground Zero'),(744,3,0,'Southeast Exit to Ground Zero'),(744,4,0,'Southwest Exit to Ground Zero'),(784,5,18,'Bridge of Trials'),(784,6,18,'Temple Complex'),(793,1,10,'Exit to Western Front'),(793,2,10,'Mine Road 1'),(793,3,10,'Mine Road Tunnel'),(793,4,10,'Ore Processing Complex'),(793,5,10,'Mozak\'s Headquarters'),(793,6,10,'Mozak\'s Retreat'),(793,7,10,'Seperation Ponds'),(793,8,10,'Bloodsteel Canyon'),(793,9,10,'Bloodsteel Mines'),(793,10,10,'Bloodsteel Caverns'),(793,11,10,'The Lair');

/*Table structure for table `continent_object` */

CREATE TABLE `continent_object` (
  `Id` int(11) unsigned NOT NULL,
  `ContestedMission` int(11) NOT NULL,
  `Coordinates` int(11) NOT NULL,
  `DisplayName` varchar(60) NOT NULL,
  `Image` int(11) NOT NULL,
  `MapFileName` varchar(60) NOT NULL,
  `MinLevel` int(11) NOT NULL,
  `MaxLevel` int(11) NOT NULL,
  `MaxPlayers` int(11) NOT NULL,
  `MinVersion` int(11) NOT NULL,
  `MaxVersion` int(11) NOT NULL,
  `Objective` int(11) NOT NULL,
  `OwningFaction` int(11) NOT NULL,
  `PositionX` float NOT NULL,
  `PositionZ` float NOT NULL,
  `Rotation` float NOT NULL,
  `IsPersistent` tinyint(1) NOT NULL,
  `IsTown` tinyint(1) NOT NULL,
  `IsClientOnly` tinyint(1) NOT NULL,
  `IsArena` tinyint(1) NOT NULL,
  `PlayCreateSounds` tinyint(1) NOT NULL,
  `DropCommodities` tinyint(1) NOT NULL,
  `DropBrokenItems` tinyint(1) NOT NULL,
  PRIMARY KEY (`Id`)
) ENGINE=MyISAM DEFAULT CHARSET=utf8;

/*Data for the table `continent_object` */

insert  into `continent_object`(`Id`,`ContestedMission`,`Coordinates`,`DisplayName`,`Image`,`MapFileName`,`MinLevel`,`MaxLevel`,`MaxPlayers`,`MinVersion`,`MaxVersion`,`Objective`,`OwningFaction`,`PositionX`,`PositionZ`,`Rotation`,`IsPersistent`,`IsTown`,`IsClientOnly`,`IsArena`,`PlayCreateSounds`,`DropCommodities`,`DropBrokenItems`) values (392,-1,117712662,'Tocado',278,'sec_f_m_map_town_c7_1_tocado_01',0,100,0,1,-1,-1,1,539,1520,0,1,1,0,0,1,1,1),(398,-1,117645153,'Scrap Valley',398,'sec_f_b_map_hwy_A2_1_scrapvalley',2,20,0,1,-1,-1,2,202,258,2,1,0,0,0,1,1,1),(399,-1,117706498,'The Canyon Run',398,'sec_f_b_map_mis_a2_1_canyonrun_01',1,20,0,1,-1,5709,2,193,176,1.2,0,0,0,0,1,1,1),(404,-1,100877850,'Big Horn Canyon',398,'sec_f_b_map_mis_a2_1_bighorncanyon_02',1,20,0,1,-1,1278,2,254,206,1,0,0,0,0,1,1,1),(414,-1,134427711,'Highway 667 - Western Front',398,'sec_f_m_map_hwy_c7_1_westernfront_01',1,20,0,1,-1,-1,1,526,1476,0.6,1,0,0,0,1,1,1),(415,-1,134434631,'Highway 667 N - The Fetid Bayou',398,'sec_f_m_map_hwy_d6_1_fetidbayou_01',21,40,0,1,-1,-1,1,664,1370,2.8,1,0,0,0,1,1,1),(416,-3,134420060,'Highway 100 E - Grand Junction',398,'sec_f_m_map_hwy_e7_1_grandjunction_01',41,60,0,1,-1,-3,1,941,1486,-0.4,1,0,0,0,1,1,1),(424,-1,134563122,'Display Name Not Set',398,'test_outpost',0,100,0,1,-1,-1,1,971,791,-1.6,0,0,0,0,1,1,1),(426,-1,134546246,'Highway 21 : Militia Base',398,'sec_f_h_map_hwy_j2_01_militiabase_01',1,20,0,1,-1,-1,0,1847,548,0.5,1,0,0,0,1,1,1),(456,-1,1,'Display Name Not Set',398,'test_entry1_456',0,100,0,1,-1,-1,-1,0,0,0,0,0,0,0,1,1,1),(457,-1,1,'Display Name Not Set',398,'test_entry1_457',0,100,0,1,-1,-1,-1,0,0,0,0,0,0,0,1,1,1),(458,-1,1,'Display Name Not Set',398,'test_entry1_458',0,100,0,1,-1,-1,-1,0,0,0,0,0,0,0,1,1,1),(459,-1,1,'Suicide Town',398,'sec_f_h_map_mis_j2_1_Smasher_01',1,20,0,1,-1,5756,0,1866,452,0,0,0,0,0,1,1,1),(460,-1,1,'Russet and the Iron Mines',398,'sec_f_h_map_mis_j2_rustyironmine_01',1,20,0,1,-1,1148,0,1730,650,0,0,0,0,0,1,1,1),(461,-1,1,'Windjammer',398,'sec_f_h_map_mis_j2_yesterdaysbase_01',1,20,0,1,-1,782,0,1852,522,0,0,0,0,0,1,1,1),(462,-1,1,'Bloodsteel Mines',398,'sec_f_m_map_mis_c7_1_bloodsteelmines',1,20,0,1,-1,302,1,514,1498,0,0,0,0,0,1,1,1),(464,-1,1,'Temple Mountain',398,'sec_f_m_map_mis_c7_1_templemountain',1,20,0,1,-1,463,1,517,1392,0,0,0,0,0,1,1,1),(465,-1,1,'Display Name Not Set',398,'test_humantown',0,100,0,1,-1,-1,1,1508,674,0,0,1,0,0,1,1,1),(466,-1,1,'Display Name Not Set',398,'test_swamptown',0,100,0,1,-1,-1,1,536,1520,0,0,1,0,0,1,1,1),(469,-1,1,'Display Name Not Set',398,'test_uplink',0,100,0,1,-1,-1,1,1000,1000,0,0,0,0,0,1,1,1),(480,-1,-1,'Display Name Not Set',-1,'test_transfer_1',0,100,0,1,-1,-1,-1,1000,1000,0,0,0,0,0,1,1,1),(481,-1,-1,'Display Name Not Set',-1,'test_transfer_2',0,100,0,1,-1,-1,-1,1000,1000,0,0,0,0,0,1,1,1),(488,-1,-1,'Display Name Not Set',-1,'test_ivanmission',0,100,0,1,-1,-1,-1,1000,1000,0,0,0,0,0,1,1,1),(489,-1,-1,'asdf fdsa2',-1,'test_mission_linked1',0,100,0,1,-1,-1,-1,1000,1000,0,0,1,0,0,1,1,1),(490,-1,-1,'JUICY',-1,'test_mission_linked2',0,100,0,1,-1,-1,-1,1000,1000,0,0,0,0,0,1,1,1),(491,-1,-1,'Unset Map name',-1,'test_mission_linked3',0,100,0,1,-1,-1,-1,1000,1000,0,0,0,0,0,1,1,1),(492,-1,-1,'Display Name Not Set',-1,'test_mission1',0,100,0,1,-1,-1,-1,1000,1000,0,0,0,0,0,1,1,1),(493,-1,-1,'Display Name Not Set',-1,'test_mission2',0,100,0,1,-1,-1,-1,1000,1000,0,0,0,0,0,1,1,1),(495,-1,-1,'spiffy',-1,'test_text_map',0,100,0,1,-1,-1,-1,1000,1000,0,0,0,0,0,1,1,1),(497,-1,-1,'spooge',-1,'test_text_map3',0,100,0,1,-1,-1,-1,1000,1000,0,0,0,0,0,1,1,1),(498,-1,-1,'Unset Map name',-1,'test_destroy',0,100,0,1,-1,-1,-1,1000,1000,0,0,0,0,0,1,1,1),(499,-1,-1,'Unset Map name',-1,'test_desertadventure',0,100,0,1,-1,-1,-1,1000,1000,0,0,0,0,0,1,1,1),(502,-1,-1,'Unset Map name',-1,'test_jump_sound',0,100,0,1,-1,-1,-1,1000,1000,0,0,0,0,0,1,1,1),(503,-1,-1,'Unset Map name',-1,'test_obj2',0,100,0,1,-1,-1,-1,1000,1000,0,0,0,0,0,1,1,1),(504,-1,-1,'Unset Map name',-1,'test_char_scale',0,100,0,1,-1,-1,-1,1000,1000,0,0,0,0,0,1,1,1),(505,-1,-1,'Unset Map name',-1,'test_scale',0,100,0,1,-1,-1,-1,1000,1000,0,0,0,0,0,1,1,1),(506,-1,-1,'Unset Map name',-1,'test_npc',0,100,0,1,-1,-1,-1,1000,1000,0,0,0,0,0,1,1,1),(507,-1,-1,'Unset Map name',-1,'test_new_mission',0,100,0,1,-1,-1,-1,1000,1000,0,0,0,0,0,1,1,1),(515,-1,-1,'Old Town',-1,'sec_f_m_map_mis_c7_1_oldtown',1,20,0,1,-1,-1,1,587,1446,0,0,0,0,0,1,1,1),(516,-1,-1,'Test Mission',-1,'test_mission_broken',0,100,0,1,-1,-1,-1,1000,1000,0,0,0,0,0,1,1,1),(517,-1,-1,'Fort Logan',-1,'test_fort-logan',0,100,0,1,-1,-1,-1,1000,1000,0,0,0,0,0,1,1,1),(518,-1,-1,'Omphala',-1,'sec_f_m_map_town_c7_1_omphala',0,100,0,1,-1,-1,1,551,1464,0,1,1,0,0,1,1,1),(522,-1,-1,'Fort Logan',-1,'sec_f_b_map_town_a2_1_fort-logan_01',0,100,0,1,-1,-1,2,165,233,0,1,1,0,0,1,1,1),(523,-1,-1,'Half Moon Hill',-1,'sec_f_b_map_mis_a2_1_halfmoonhill_05',1,20,0,1,-1,487,2,178,316,0,0,0,0,0,1,1,1),(524,-1,-1,'Borderton',-1,'sec_f_m_map_town_c7_1_borderton',0,100,0,1,-1,-1,1,511,1446,0,1,1,0,0,1,1,1),(526,-1,-1,'Unionville',-1,'sec_f_b_map_town_b2_1_unionville_01',0,100,0,1,-1,-1,2,482,538,0,1,1,0,0,1,1,1),(527,-1,-1,'Overlook',-1,'sec_f_b_map_town_b2_1_overlook',0,100,0,1,-1,-1,2,564,599,0,1,1,0,0,1,1,1),(528,-1,-1,'Rust',-1,'sec_f_b_map_town_a2_1_rust_01',0,100,0,1,-1,-1,2,238,267,0,1,1,0,0,1,1,1),(530,-1,-1,'Winston',-1,'test_rakefarm',0,100,0,1,-1,-1,-1,1000,1000,0,0,0,0,0,1,1,1),(531,-1,-1,'Sanctuary',-1,'sec_f_m_map_town_c7_1_sanctuary',21,40,0,1,-1,-1,1,590,1365,0,1,1,0,0,1,1,1),(532,-1,-1,'Winston',-1,'sec_f_b_map_town_a2_1_winston_01',0,100,0,1,-1,-1,2,290,258,0,1,1,0,0,1,1,1),(543,-1,-1,'Tocado Proving Ground',-1,'sec_f_m_map_mis_c7_1_provingground',1,20,0,1,-1,904,1,10000,10000,0,0,0,0,0,1,0,0),(544,-1,-1,'Winston',-1,'test_hermann',0,100,0,1,-1,-1,-1,1000,1000,0,0,0,0,0,1,1,1),(546,-1,-1,'Testage',-1,'test_spawn',0,100,0,1,-1,-1,-1,1000,1000,0,0,0,0,0,1,1,1),(547,-1,-1,'Squentin\'s Gardens Mini-mart',-1,'sec_f_m_map_town_c7_1_squentinsgardens',1,20,0,1,-1,-1,1,10000,10000,0,1,1,0,0,1,1,1),(550,-1,-1,'Fireline',-1,'sec_f_h_map_town_j2_1_fireline',1,20,0,1,-1,-1,0,1895,495,0,1,1,0,0,1,1,1),(552,-1,-1,'Barrancas Del Corazon Scenic Bypass',-1,'sec_f_m_map_mis_c7_1_barrancas',21,40,0,1,-1,1828,1,613,1365,0,0,0,0,0,1,1,1),(554,-1,-1,'Aurora',-1,'sec_f_h_map_town_j2_1_aurora',1,20,0,1,-1,-1,0,1730,560,0,1,1,0,0,1,1,1),(558,-1,-1,'Upside',-1,'sec_f_h_town_j2_upside_01',1,20,0,1,-1,-1,0,1860,610,0,1,1,0,0,1,1,1),(561,-1,-1,'Scav Alley',-1,'sec_f_h_map_town_j2_01_scavalley',0,100,0,1,-1,-1,0,1900,560,0,1,1,0,0,1,1,1),(563,-1,-1,'Unset Map name',-1,'test_patrol',0,100,0,1,-1,-1,1,1000,1000,0,0,0,0,0,1,1,1),(564,-1,-1,'Unset Map name',-1,'test_collect-deliver',0,100,0,1,-1,-1,-1,1000,1000,0,0,0,0,0,1,1,1),(566,-1,-1,'The Lost Stronghold',-1,'sec_f_h_map_mis_i2_1_rushridge_1',21,40,0,1,-1,2584,0,1629,386,0,0,0,0,0,1,1,1),(567,-1,-1,'Sour Mash Creek',-1,'sec_f_m_map_mis_d6_1_sourmashcreek',21,40,0,1,-1,-1,1,694,1316,0,0,0,0,0,1,1,1),(568,-1,-1,'Unset Map name',-1,'test_gauntlet',0,100,0,1,-1,-1,-1,1000,1000,0,0,0,0,0,1,1,1),(569,-1,-1,'Unset Map name',-1,'test_radius',0,100,0,1,-1,-1,-1,1000,1000,0,0,0,0,0,1,1,1),(575,-1,-1,'Unset Map name',-1,'test_sound_loop',0,100,0,1,-1,-1,2,1000,1000,0,0,0,0,0,1,1,1),(578,-1,-1,'Unset Map name',-1,'test_arena1',0,100,0,1,-1,-1,-1,1000,1000,0,0,0,0,1,1,1,1),(579,-1,-1,'Detour',-1,'sec_f_b_map_mis_b2_1_detour',0,100,0,1,-1,1432,2,422,546,0,0,0,0,0,1,1,1),(580,-1,-1,'Highway 80 West - Hydroelectric',-1,'sec_f_h_map_hwy_i2_1_hwy80w_hydroelectric',21,40,0,1,-1,-1,0,1719,479,0,1,0,0,0,1,1,1),(581,-1,-1,'Cinderfall',-1,'sec_f_b_map_hwy_b2_1_cinderfall',21,40,0,1,-1,-1,2,446,497,0,1,0,0,0,1,1,1),(582,-1,-1,'OCD Circuit Arena',-1,'test_circuit_arena_01',120,150,0,1,-1,-1,-1,1000,1000,0,0,0,0,1,1,1,1),(583,-1,-1,'Unset Map name',-1,'test_arena2',0,100,0,1,-1,-1,-1,1000,1000,0,0,0,0,1,1,1,1),(584,-1,-1,'Osborn Pass',-1,'sec_f_b_map_mis_b2_1_osborn-pass',21,40,0,1,-1,1626,2,515,490,0,0,0,0,0,1,1,1),(585,-1,-1,'Crossroads',-1,'sec_f_m_map_town_d6_1_crossroads',21,40,0,1,-1,-1,1,659,1344,0,1,1,0,0,1,1,1),(586,-1,-1,'The Passage',-1,'sec_f_b_map_mis_b2_1_passage',21,40,0,1,-1,-1,2,605,607,0,0,0,0,0,1,1,1),(588,-1,-1,'Root',-1,'sec_f_b_map_town_c3_1_root',0,100,0,1,-1,-1,2,491,803,0,1,1,0,0,1,1,1),(589,-1,-1,'CB\'er Command',-1,'sec_f_m_map_town_d6_1_cbercommand',21,40,0,1,-1,-1,-1,10000,10000,0,1,1,0,0,0,1,1),(591,-1,-1,'Raider and Ma-Mary',-1,'sec_f_b_map_mis_b2_1_maraider',0,100,0,1,-1,0,2,10000,10000,0,1,1,0,0,1,1,1),(592,-1,-1,'Slaughter',-1,'sec_f_m_map_town_d6_1_slaughter',21,40,0,1,-1,-1,-1,631,1347,0,1,1,0,0,1,1,1),(593,-1,-1,'Ruins of Geinsville',-1,'sec_f_h_map_mis_i2_4_panacea_1',21,40,0,1,-1,2674,0,1572,479,0,0,0,0,0,1,1,1),(595,-1,-1,'Apollo',-1,'sec_f_h_map_town_i2_01_apollo',21,40,0,1,-1,-1,0,1704,410,0,1,1,0,0,1,1,1),(596,-1,-1,'Bunker',-1,'sec_f_b_map_town_b2_1_bunker',0,100,0,1,-1,-1,2,500,642,0,1,1,0,0,1,1,1),(597,-1,-1,'Canal',-1,'sec_f_b_map_mis_c3_1_canal',41,60,0,1,-1,-1,2,446,785,0,0,0,0,0,1,1,1),(598,-1,-1,'Titanium Factory',-1,'sec_f_b_map_mis_b2_1_titaniumfactory',21,40,0,1,-1,1480,2,448,604,0,0,0,0,0,1,1,1),(599,-1,-1,'Revival',-1,'sec_f_h_map_town_i2_01_revival',21,40,0,1,-1,-1,0,1620,509,0,1,1,0,0,1,1,1),(600,-1,-1,'DreamTime',-1,'sec_f_h_map_town_i2_02_dreamtime',21,40,0,1,-1,-1,0,1580,432,0,1,1,0,0,1,1,1),(602,-1,-1,'The Falls',-1,'sec_f_h_map_town_i2_01_thetubes',21,40,0,1,-1,-1,0,1732,343,0,1,1,0,0,1,1,1),(603,-1,-1,'Outfall',-1,'sec_f_h_map_exit_i2_1_outfall',21,40,0,1,-1,2680,0,1677,446,0,0,0,0,0,1,1,1),(604,-1,-1,'Unset Map name',-1,'test_taxi_01',0,100,0,1,-1,-1,-1,1000,1000,0,0,0,0,0,1,1,1),(605,-1,-1,'Unset Map name',-1,'test_soundregion',0,100,0,1,-1,-1,-1,1000,1000,0,1,0,0,0,1,1,1),(606,-1,-1,'Unset Map name',-1,'test_robb_concrete',0,100,0,1,-1,-1,-1,1000,1000,0,0,0,0,0,1,1,1),(607,-1,-1,'Unset Map name',-1,'test_tunnel_long',0,100,0,1,-1,-1,-1,1000,1000,0,0,0,0,0,1,1,1),(608,-1,-1,'Osborn Pass Detention Center',-1,'sec_f_b_map_town_b2_1_osborn-interior',0,100,0,1,-1,-1,2,10000,10000,0,0,1,0,0,1,1,1),(609,-1,-1,'The Bloodfarm',-1,'sec_f_m_map_town_d6_1_bloodfarm',21,40,0,1,-1,-1,1,599,1341,0,1,1,0,0,1,1,1),(610,-1,-1,'landslidetest',-1,'test_seaplane',0,100,0,1,-1,-1,-1,1000,1000,0,0,0,0,0,1,1,1),(611,-1,-1,'Unset Map name',-1,'testpaths',0,100,0,1,-1,-1,-1,1000,1000,0,0,0,0,0,1,1,1),(612,-1,-1,'The Bloodfarm',-1,'sec_f_m_map_town_d6_1_bloodfarm-1',21,40,0,1,-1,-1,1,10000,10000,0,0,1,0,0,1,1,1),(613,601,-1,'Annie Test',-1,'test_cinderfall_annie',0,100,0,1,-1,-1,2,1000,1000,0,1,0,0,0,1,1,1),(616,-1,-1,'Unset Map name',-1,'test_clan_map',0,100,0,1,-1,-1,-1,1000,1000,0,1,0,0,0,1,1,1),(617,-1,-1,'Thugz Killing Ring',-1,'sec_f_h_map_mis_i2_01_killingring',21,40,0,1,-1,1942,0,10000,10000,0,0,0,0,0,1,1,1),(618,-1,-1,'Unset Map name',-1,'testmap_dave_weather',0,100,0,1,-1,-1,-1,1000,1000,0,1,0,0,0,1,1,1),(620,-1,-1,'Unset Map name',-1,'test_collision',0,100,0,1,-1,-1,-1,1000,1000,0,0,0,0,0,1,1,1),(621,-1,-1,'Unset Map name',-1,'test_exitdecal',0,100,0,1,-1,-1,-1,1000,1000,0,0,0,0,0,1,1,1),(622,-3,-1,'The Moat',-1,'sec_f_b_map_hwy_c3_1_moat',41,60,0,1,-1,-1,2,530,740,0,1,0,0,0,1,1,1),(623,-1,-1,'Trio Island',-1,'test_trio-island',0,100,0,1,-1,-1,2,1000,1000,0,0,0,0,0,1,1,1),(624,-1,-1,'Trio Island',-1,'sec_f_b_map_mis_c3_1_trio-island',41,60,0,1,-1,-1,2,402,807,0,0,0,0,0,1,1,1),(625,-1,-1,'Dunlap\'s Compound',-1,'sec_f_b_map_town_c2_1_dunlap-compound',0,100,0,1,-1,-1,2,374,786,0,1,1,0,0,1,1,1),(626,-1,-1,'The Borderlands',-1,'sec_f_m_map_mis_e7_1_theborderlands',41,60,0,1,-1,3893,-1,945,1423,0,0,0,0,0,1,1,1),(627,-1,-1,'The Falls',-1,'testrocks',0,100,0,1,-1,-1,-1,1000,1000,0,0,1,0,0,1,1,1),(628,-1,-1,'OCD Military Outpost Arena',-1,'test_arena_cnh_desert-mil_01',120,150,0,1,-1,-1,-1,1000,1000,0,0,0,0,1,1,1,1),(630,-1,-1,'Unset Map name',-1,'test_drawobjects',0,100,0,1,-1,-1,-1,1000,1000,0,0,0,0,0,1,1,1),(631,-1,-1,'Unset Map name',-1,'test_tintalign',0,100,0,1,-1,-1,-1,1000,1000,0,0,0,0,0,1,1,1),(634,-1,-1,'Unset Map name',-1,'test_allstuff',0,100,0,1,-1,-1,-1,1000,1000,0,0,0,0,0,1,1,1),(635,-1,-1,'Highway 667 - Western Front',-1,'test_westernfront',0,100,0,1,-1,-1,-1,1000,1000,0,1,0,0,0,1,1,1),(636,-1,-1,'Highway 667 - Western Front',-1,'test_westernfront_041205',0,100,0,1,-1,-1,-1,1000,1000,0,1,0,0,0,1,1,1),(637,-1,-1,'Waylan\'s Cave Saloon and Bar',-1,'sec_f_m_map_town_e7_1_waylanscave',41,60,0,1,-1,-1,1,10000,10000,0,0,1,0,0,0,1,1),(638,-3,-1,'Highway 99 - 00 : The Choppin\' Maul',-1,'sec_f_h_map_hwy_h3_choppinmaul',41,60,0,1,-1,-3,0,1495,775,0,1,0,0,0,1,1,1),(639,-1,-1,'Fasthold',-1,'sec_f_h_map_town_h3_fasthold',41,60,0,1,-1,-1,0,1435,825,0,1,1,0,0,1,1,1),(640,-1,-1,'Steel Fields',-1,'sec_f_h_map_mis_h3_01_steelfields',41,60,0,1,-1,2976,0,1477,701,0,0,0,0,0,1,1,1),(641,-1,-1,'New Tocado',-1,'sec_f_b_map_town_c3_1_new-tocado',0,100,0,1,-1,-1,2,10000,10000,0,1,1,0,0,1,1,1),(642,-1,-1,'The Wastes',-1,'test_cole',0,100,0,1,-1,-1,-1,1000,1000,0,0,0,0,0,1,0,0),(643,-1,-1,'The Depths',-1,'sec_f_m_map_mis_e7_1_thedepths',41,60,0,1,-1,3462,-1,961,1463,0,0,0,0,0,1,1,1),(644,-1,-1,'Dark Hollow',-1,'sec_f_h_map_mis_h3_01_darkhollow',41,60,0,1,-1,6657,0,1516,847,0,0,0,0,0,1,1,1),(645,-1,-1,'Immolation',-1,'sec_f_b_map_mis_c3_1_immolation',41,60,0,1,-1,3011,2,569,725,0,0,0,0,0,1,1,1),(646,-1,-1,'Duenna',-1,'sec_f_h_map_town_h3_duenna',41,60,0,1,-1,-1,0,1542,602,0,1,1,0,0,1,1,1),(648,-1,-1,'The Citadel',-1,'sec_f_m_map_town_e7_1_citadel',41,60,0,1,-1,-1,1,910,1547,0,1,1,0,0,1,1,1),(650,-1,-1,'High Valley',-1,'test_transfer',0,100,0,1,-1,-1,-1,1000,1000,0,0,0,0,0,1,1,1),(651,-1,-1,'Echo Canyon',-1,'sec_f_m_map_town_e7_1_echocanyon',41,60,0,1,-1,-1,1,914,1497,0,1,1,0,0,1,1,1),(652,-1,-1,'The Duenna Deeps',-1,'sec_f_h_map_mis_h3_01_thedeeps',41,60,0,1,-1,4040,0,1513,725,0,0,0,0,0,1,1,1),(653,-1,-1,'Tocado Studio Apartment',-1,'sec_f_m_map_interior_c7_1_tocado-studio',0,100,0,1,-1,-1,1,10000,10000,0,0,1,0,0,0,1,1),(654,-1,-1,'The Warren',-1,'sec_f_m_map_town_e7_1_thewarren',41,60,0,1,-1,-1,1,948,1514,0,1,1,0,0,1,1,1),(655,-1,-1,'Echo Canyon',-1,'sec_f_m_map_town_e7_1_echocanyon_02',41,60,0,1,-1,-1,1,914,1497,0,0,0,0,0,1,1,1),(656,-1,-1,'Echo Canyon',-1,'sec_f_m_map_town_e7_1_echocanyon_03',41,60,0,1,-1,-1,1,914,1497,0,1,1,0,0,1,1,1),(657,-1,-1,'High Valley',-1,'test_arena_race_stunttrack_01',120,150,0,1,-1,-1,-1,1000,1000,0,0,0,0,1,1,1,1),(658,-3,-1,'Stalwart Tower',-1,'sec_f_h_map_town_h3_stalwart',41,60,0,1,-1,-1,-1,1491,791,0,1,1,0,0,1,1,1),(661,-2,-1,'Ground Zero',-1,'sec_f_n_map_hwy_f4_1_groundzero',61,90,150,1,-1,-1,-1,1000,1000,0,1,0,0,0,1,1,1),(662,-1,-1,'Hestia Upside Hostel',-1,'sec_f_h_map_interior_a1_1_upside',100,101,0,1,-1,-1,-1,10000,10000,0,0,1,0,0,0,1,1),(664,-1,-1,'The Jumpgate Beacon System',-1,'test_jg-beacons',0,100,0,1,-1,-1,-1,950,950,0,1,0,0,0,1,1,1),(667,-1,-1,'Zeman\'s Garage',-1,'sec_f_m_map_mis_c7_1_tocado-garage',0,6,0,1,-1,4781,1,10000,10000,0,1,1,0,0,1,1,1),(668,-1,-1,'Fort Logan Nanite Replenishment Facility',-1,'sec_f_b_map_interior_a1_1_fort-logan-tavern',0,100,0,1,-1,-1,-1,10000,10000,0,1,1,0,0,1,1,1),(669,-1,-1,'Battle Pitz Tavern',-1,'sec_f_b_map_interior_e7_1_battle-pitz-tavern',0,100,0,1,-1,-1,2,10000,10000,0,1,1,0,0,1,1,1),(670,-1,-1,'Biomek tavern',-1,'test_desert_trees',0,100,0,1,-1,-1,-1,1000,1000,0,0,0,0,0,1,1,1),(671,-1,-1,'Bunker Nanite Replenishment Facility',-1,'sec_f_b_map_interior_b2_1_bunker-tav',0,100,0,1,-1,-1,-1,10000,10000,0,1,1,0,0,1,1,1),(672,-1,-1,'Root Nanite Replenishment Facility',-1,'sec_f_b_map_interior_c3_1_root-tav',0,100,0,1,-1,-1,-1,10000,10000,0,1,1,0,0,1,1,1),(674,-1,-1,'test - factions and on death',-1,'test_wall-death',0,100,0,1,-1,-1,1,10000,10000,0,0,0,0,0,1,1,1),(676,-1,-1,'OCD - Last Mile Arena (TDM)',-1,'sec_f_ocd_map_arena_dm_last_mile',0,100,0,1,-1,-1,-1,1000,1000,0,0,0,0,1,1,1,1),(678,-1,-1,'OCD - Meltdown (CNH)',-1,'sec_f_ocd_map_arena_cnh_meltdown',0,100,0,1,-1,-1,-1,1000,1000,0,0,0,0,1,1,1,1),(679,-1,-1,'Upside Greasepit',-1,'sec_f_h_map_mis_j2_1_jakesgarage',0,100,0,1,-1,-1,0,10000,10000,0,1,1,0,0,0,1,1),(680,-1,-1,'Zeman\'s Garage',-1,'sec_f_m_map_town_c7_1_tocado-garage',0,100,0,1,-1,-1,1,10000,10000,0,1,1,0,0,0,1,1),(681,-1,-1,'OCD - deathbowl 2051 (TDM)',-1,'test_retrigger',0,100,0,1,-1,-1,-1,1000,1000,0,0,0,0,0,1,1,1),(682,-1,-1,'OCD - deathbowl 2051 (TDM)',-1,'test_badtree',0,100,0,1,-1,-1,-1,1000,1000,0,0,0,0,0,1,1,1),(683,-1,-1,'OCD - deathbowl 2051 (TDM)',-1,'test_spawnfawk',0,100,0,1,-1,-1,-1,1000,1000,0,1,0,0,0,1,1,1),(684,-1,-1,'OCD - deathbowl 2051 (TDM)',-1,'test_triggercopy',0,100,0,1,-1,-1,-1,1000,1000,0,0,0,0,0,1,1,1),(685,-1,-1,'OCD - deathbowl 2051 (TDM)',-1,'test_trigcopyresult',0,100,0,1,-1,-1,-1,1000,1000,0,0,0,0,0,1,1,1),(686,-1,-1,'OCD - deathbowl 2051 (TDM)',-1,'test_newbeacon',0,100,0,1,-1,-1,-1,1000,1000,0,1,0,0,0,1,1,1),(688,-1,-1,'Malachite Copper Mine',-1,'sec_f_b_map_hwy_a3_1_malachite',0,5,20,1,-1,-1,2,125,273,0,1,0,0,0,1,0,0),(689,-1,-1,'Malachite Copper Mine',-1,'test_pvp-outposts',0,100,0,1,-1,-1,-1,1000,1000,0,1,0,0,0,1,1,1),(690,-1,-1,'tsp import test',-1,'test_tsp-import',0,100,0,1,-1,-1,-1,1000,1000,0,1,0,0,0,1,1,1),(691,-1,-1,'Malachite Copper Mine',-1,'test_fxregion',0,100,0,1,-1,-1,-1,1000,1000,0,0,0,1,0,1,1,1),(693,-1,-1,'The Hestia Back Range',-1,'sec_f_h_map_hwy_j2_backrange',0,5,20,1,-1,-1,0,1895,650,0,1,0,0,0,1,0,0),(694,-1,-1,'The Proving Grounds',-1,'sec_f_m_map_hwy_c7_1_provingground',0,5,20,1,-1,-1,1,598,1548,0,1,0,0,0,1,0,0),(697,-1,-1,'Fort Logan Studio Apartment',-1,'sec_f_b_map_interior_a1_1_fort-logan_2',0,100,0,1,-1,-1,-1,10000,10000,0,0,1,0,0,1,1,1),(698,-1,-1,'Tierra Roja Dam',-1,'sec_f_m_map_mis_c7_1_tierraroja_tutorial',0,2,0,1,-1,-1,1,10000,10000,0,0,0,0,0,1,0,0),(699,2656,-1,'The Wastes',-1,'test_contested',0,100,0,1,-1,-1,2,1000,1000,0,1,0,0,0,1,1,1),(700,-1,-1,'The Wastes',-1,'test_timer-reactions',0,100,0,1,-1,-1,-1,1000,1000,0,1,0,0,0,1,1,1),(705,-1,-1,'The Wastes',-1,'test_biomek-tutorial',0,100,0,1,-1,-1,-1,1000,1000,0,0,0,0,0,1,1,1),(707,-1,-1,'Hestia Ark Bay 313',-1,'sec_f_h_map_tut_j2_arkbaytutorial',0,2,0,1,-1,-1,0,10000,10000,0,0,0,0,0,1,0,0),(708,-1,-1,'The Wastes',-1,'sec_f_b_map_mis_a3_1_wastes',0,2,0,1,-1,-1,2,10000,10000,0,0,0,0,0,1,0,0),(709,-1,-1,'The Wastes',-1,'test_blastmining',0,100,0,1,-1,-1,-1,1000,1000,0,0,0,0,0,1,1,1),(710,-1,-1,'The Wastes',-1,'test_spawner_y-offsets',0,100,0,1,-1,-1,-1,1000,1000,0,1,0,0,0,1,1,1),(711,-1,-1,'Minimap Icon Test',-1,'test_minimap_icon',0,100,0,1,-1,-1,-1,1000,1000,0,1,0,0,0,1,1,1),(712,-1,-1,'The Wastes',-1,'test_pathing',0,50,0,1,-1,-1,2,1000,1000,0,0,0,0,0,1,1,1),(713,-1,-1,'The Wastes',-1,'test_scalebug-2',0,50,0,1,-1,-1,-1,1000,1000,0,0,0,0,0,1,1,1),(715,-1,-1,'The Wastes',-1,'test_new_tutorial_ai',0,50,0,1,-1,-1,-1,1000,1000,0,0,0,0,0,1,1,1),(717,-1,-1,'Proving Grounds Rally Course',-1,'sec_f_m_map_mis_c7_1_provingrace',100,100,0,1,-1,-1,1,10000,10000,0,0,0,0,0,1,0,0),(719,-1,-1,'The Wastes',-1,'test_escortdemo',0,50,0,1,-1,-1,-1,10000,10000,0,1,0,0,0,1,1,1),(720,-1,-1,'The Wastes',-1,'test_timer',0,50,0,1,-1,-1,-1,1000,1000,0,0,0,0,0,1,1,1),(721,-1,-1,'Testing Givemission and Failmission reactions',-1,'test_mission-give-fail',0,50,0,1,-1,-1,-1,10000,10000,0,1,0,0,0,1,1,1),(722,-1,-1,'The Wastes',-1,'test_bike',0,50,0,1,-1,-1,-1,1000,1000,0,0,0,0,0,1,1,1),(723,-1,-1,'The Wastes',-1,'test_piketotem',0,50,0,1,-1,-1,-1,1000,1000,0,0,0,0,0,1,1,1),(724,-1,-1,'The Apollo Well',-1,'sec_f_h_map_interior_j2_upsidewell',0,50,0,1,-1,-1,0,10000,10000,0,1,1,0,0,1,1,1),(725,-1,-1,'The Wastes',-1,'test_weirdcull',0,50,0,1,-1,-1,-1,1000,1000,0,0,0,0,0,1,1,1),(726,-1,-1,'Testing AI Blocks',-1,'test-floyd',0,1000,0,1,-1,-1,-1,1000,1000,0,1,0,0,0,1,1,1),(727,-1,-1,'region test',-1,'test_fxregion2',0,50,0,1,-1,-1,-1,10000,10000,0,0,0,0,0,1,1,1),(728,-1,-1,'The Wastes',-1,'test_distanttrigger',0,50,0,1,-1,-1,-1,1000,1000,0,1,0,0,0,1,1,1),(729,-1,-1,'The Wastes',-1,'test_ai_r1p2_tests',0,50,0,1,-1,-1,-1,1000,1000,0,0,0,0,0,1,1,1),(731,-1,-1,'The Wastes',-1,'test_multi-mission',0,50,0,1,-1,-1,-1,1000,1000,0,1,0,0,0,1,1,1),(732,-1,-1,'The Wastes',-1,'test_ai_r1p4_tests',0,50,0,1,-1,-1,-1,1000,1000,0,0,0,0,0,1,1,1),(733,-1,-1,'The Wastes',-1,'test_ai_r1p5_tests',0,50,0,1,-1,-1,-1,1000,1000,0,0,0,0,0,1,1,1),(734,-1,-1,'The Wastes',-1,'test_ai_r1p3_tests',0,50,0,1,-1,-1,-1,1000,1000,0,0,0,0,0,1,1,1),(737,-1,-1,'Test',-1,'test_brownstestinggrounds',0,50,0,1,-1,-1,-1,1000,1000,0,0,0,0,0,1,1,1),(739,-1,-1,'Auryn\'s Monument',-1,'sec_f_m_map_interior_c7_1_themonument',0,50,0,1,-1,-1,1,10000,10000,0,1,1,0,0,1,1,1),(740,-1,-1,'VLA Junction 97-B',-1,'test_outpost_new',0,50,0,1,-1,-1,-1,1000,1000,0,1,0,0,0,1,1,1),(741,-1,-1,'VLA Junction 97-B',-1,'test_new_outpost',0,50,0,1,-1,-1,-1,1000,1000,0,1,0,0,0,1,1,1),(742,-1,-1,'VLA Junction 97-B',-1,'test_ai_r4_pvp',0,50,0,1,-1,-1,-1,1000,1000,0,0,0,0,0,1,1,1),(744,-2,-1,'Inc Trans Facility Rest Stop ',-1,'sec_f_n_map_interior_f4_01_increststop',0,50,0,1,-1,-1,-1,1050,1050,0,1,1,0,0,1,1,1),(745,-1,-1,'Inc Rest Stop ',-1,'test_r4_balance',30,80,0,1,-1,-1,-1,1000,1000,0,0,0,0,0,1,1,1),(746,-1,-1,'Inc Rest Stop ',-1,'test_pve_layer',0,50,0,1,-1,-1,-1,1000,1000,0,1,0,0,0,1,1,1),(747,-1,-1,'Inc Rest Stop ',-1,'test_dan-suck-outpost',0,50,0,1,-1,-1,-1,1000,1000,0,1,0,0,0,1,1,1),(748,-1,-1,'Inc Rest Stop ',-1,'test_dan-suck-outpost2',0,50,0,1,-1,-1,-1,1000,1000,0,1,0,0,0,1,1,1),(751,-1,-1,'OCD - deathbowl 2051 (TDM)',-1,'test_newbeacon2',0,50,0,1,-1,-1,-1,1000,1000,0,1,0,0,0,1,1,1),(752,-1,-1,'Inc Rest Stop ',-1,'test_sharonmission',0,50,0,1,-1,-1,-1,1000,1000,0,0,0,0,0,1,1,1),(753,-1,-1,'Inc Rest Stop ',-1,'test_xeno-boss',0,50,0,1,-1,-1,-1,1000,1000,0,0,0,0,0,1,1,1),(754,-1,-1,'Inc Rest Stop ',-1,'test_shields-up',0,50,0,1,-1,-1,-1,1000,1000,0,1,0,0,0,1,1,1),(755,-1,-1,'Inc Rest Stop ',-1,'test_deleteobj',0,50,0,1,-1,-1,-1,1000,1000,0,1,0,0,0,1,1,1),(756,-1,-1,'Inc Rest Stop ',-1,'test_deleteobj2',0,50,0,1,-1,-1,-1,1000,1000,0,1,0,0,0,1,1,1),(757,-1,-1,'Inc Rest Stop ',-1,'test_factory',0,50,0,1,-1,-1,-1,1000,1000,0,0,0,0,0,1,1,1),(758,-1,-1,'tesla test',-1,'test_tesla',0,50,0,1,-1,-1,-1,1000,1000,0,0,0,0,0,1,1,1),(759,-1,-1,'Inc Rest Stop ',-1,'test_kedhrin_playground',0,100,0,1,-1,-1,-1,1000,1000,0,0,0,0,0,1,1,1),(760,-1,-1,'Inc Rest Stop ',-1,'test_createonload_gfx',0,50,0,1,-1,-1,-1,1000,1000,0,0,0,0,0,1,1,1),(761,-1,-1,'Inc Rest Stop ',-1,'test_pathing-summons',0,50,0,1,-1,-1,-1,10000,10000,0,0,0,0,0,1,1,1),(762,-1,-1,'Dan\'s Playground',-1,'test_dan_playground',70,85,0,1,-1,-1,-1,10000,10000,0,1,0,0,0,1,1,1),(764,-1,-1,'OCD Gauntlet Arena',-1,'empty',0,50,0,1,-1,-1,-1,10000,10000,0,0,0,0,0,1,1,1),(765,-1,-1,'Test Cave Columns',-1,'test_ad-billboards',0,50,0,1,-1,-1,-1,1000,1000,0,0,0,0,0,0,1,1),(766,-1,-1,'OCD Gauntlet Race',-1,'sec_f_ocd_map_arena_race_gauntlet',0,80,0,1,-1,-1,-1,1000,1000,0,1,0,0,0,0,1,1),(767,-1,-1,'Volta Motors Test Site',-1,'test_commodity_drops',20,40,0,1,-1,-1,-1,1000,1000,0,1,0,0,0,0,1,1),(768,-1,-1,'OCD Coliseum',-1,'sec_f_n_map_mis_f4_01_coliseum',60,80,4,1,-1,-1,-1,10000,10000,0,0,0,0,0,0,1,1),(769,-1,-1,'Volta Motors Test Site',-1,'test_newretrigger',0,50,0,1,-1,-1,-1,1000,1000,0,1,0,0,0,0,1,1),(770,-1,-1,'OCD Emergence Arena',-1,'sec_f_ocd_map_arena_dm_emergence',0,1000,0,-1,-1,-1,-1,10000,10000,0,0,0,0,1,0,1,1),(771,-1,-1,'The Maze',-1,'sec_f_n_map_fun_01_themaze',0,99,0,-1,-1,-1,-1,1000,1000,0,0,0,0,0,0,1,1),(772,-1,-1,'Agony of Defeat',-1,'test_torino_ski_jump',0,99,0,-1,-1,-1,-1,1000,1000,0,1,0,0,0,0,1,1),(773,-1,-1,'Bitter Dregs',-1,'test_f_ocd_map_arena_tb_nova',0,1000,0,-1,-1,-1,-1,10000,10000,0,0,0,0,0,0,1,1),(774,-1,-1,'Bitter Dregs',-1,'test_killer-deal',0,50,0,-1,-1,-1,-1,10000,10000,0,0,0,0,0,0,1,1),(775,-1,-1,'Bitter Dregs',-1,'test_respawncrash',0,50,0,-1,-1,-1,-1,1000,1000,0,1,0,0,0,0,1,1),(776,-1,-1,'Test Mountain',-1,'test_mountain2',0,50,0,-1,-1,-1,-1,10000,10000,0,0,0,0,0,0,1,1),(777,-1,-1,'Bitter Dregs',-1,'test_birds',0,50,0,-1,-1,-1,-1,1000,1000,0,0,0,0,0,0,1,1),(778,-1,-1,'Bitter Dregs',-1,'test_001sec_f_m_map_mis_c7_1_bloodsteelmines',0,50,0,-1,-1,-1,-1,1000,1000,0,0,0,0,0,0,1,1),(779,-1,-1,'The Proving Grounds',-1,'test_provingground',0,50,20,-1,-1,-1,1,1000,1000,0,0,0,0,0,0,1,1),(780,-1,-1,'Bitter Dregs',-1,'test_backrange',0,50,0,-1,-1,-1,-1,1000,1000,0,1,0,0,0,0,1,1),(781,-1,-1,'Bitter Dregs',-1,'test_malachite',0,50,0,-1,-1,-1,-1,1000,1000,0,1,0,0,0,0,1,1),(782,-1,-1,'Bitter Dregs',-1,'test_rockjaw_heat',0,99,0,-1,-1,-1,-1,1000,1000,0,1,0,0,0,0,1,1),(783,-1,-1,'Bitter Dregs',-1,'test_heightfield',0,50,0,-1,-1,-1,-1,1000,1000,0,1,0,0,0,0,1,1),(784,-1,-1,'La Leche Madre',-1,'sec_f_m_map_mis_C7_1_lalechemadre',1,20,0,-1,-1,7526,1,590,1518,0,0,0,0,0,0,1,1),(785,-1,-1,'Malachite Detention Center',-1,'sec_f_b_map_mis_a3_1_detention',1,20,0,-1,-1,7562,2,97,245,0,0,0,0,0,0,1,1),(786,-858993460,-1,'Malachite Detention Center',-1,'test_tak_taxi',0,50,-858993460,-1,-1,-1,-1,1000,1000,0,0,0,0,0,0,1,1),(787,-858993460,-1,'The Tower',-1,'sec_f_n_map_mis_f4_thetower',70,85,-858993460,-1,-1,-1,-1,10000,10000,0,0,0,0,0,0,1,1),(788,-858993460,-1,'Pierat\'s Hideout',-1,'sec_f_h_map_mis_j2_1_pieratshideout',0,50,-858993460,-1,-1,-1,0,10000,10000,0,0,0,0,0,0,1,1),(789,-858993460,-1,'Scav Uprising',-1,'sec_f_h_map_mis_j2_1_scavuprising',1,20,-858993460,-1,-1,7504,0,1858,650,0,0,0,0,0,0,1,1),(790,-858993460,-1,'Test Race Map',-1,'test_race-waypoints',1,20,-858993460,-1,-1,-1,-1,1000,1000,0,1,0,0,0,0,1,1),(791,-858993460,-1,'OCD Asphalt Arena',-1,'sec_f_ocd_map_arena_race_asphalt',0,80,-858993460,-1,-1,-1,-1,1000,1000,0,0,0,0,0,0,1,1),(792,-858993460,-1,'Pierat\'s Hideout',-1,'test_tem_arena_v2',0,50,-858993460,-1,-1,-1,-1,1000,1000,0,0,0,0,0,0,1,1),(793,-858993460,-1,'OCD Gauntlet Arena',-1,'sec_f_m_map_mis_c7_1_bloodsteelmines2',1,20,-858993460,-1,-1,-1,1,1000,1000,0,0,0,0,0,0,1,1),(794,-858993460,-1,'OCD Gauntlet Arena',-1,'test_brian-the-noitna',0,50,-858993460,-1,-1,-1,-1,1000,1000,0,0,0,0,0,0,1,1),(795,-858993460,-1,'OCD Gauntlet Arena',-1,'test_mullaney',0,1000,-858993460,-1,-1,-1,-1,1000,1000,0,0,0,0,0,0,1,1);

/*Table structure for table `convoy` */

CREATE TABLE `convoy` (
  `ConvoyId` bigint(20) unsigned NOT NULL,
  PRIMARY KEY (`ConvoyId`)
) ENGINE=MyISAM DEFAULT CHARSET=utf8;

/*Data for the table `convoy` */

/*Table structure for table `convoy_member` */

CREATE TABLE `convoy_member` (
  `ConvoyId` bigint(20) unsigned NOT NULL,
  `MemberCoid` bigint(20) NOT NULL,
  PRIMARY KEY (`ConvoyId`,`MemberCoid`)
) ENGINE=MyISAM DEFAULT CHARSET=utf8;

/*Data for the table `convoy_member` */

/*Table structure for table `creature_ai` */

CREATE TABLE `creature_ai` (
  `Id` int(11) NOT NULL,
  `Code` smallint(5) unsigned NOT NULL,
  `Val1` float NOT NULL,
  `Val2` float NOT NULL,
  `Val3` float NOT NULL,
  `Val4` float NOT NULL,
  `Val5` float NOT NULL,
  `Val6` float NOT NULL,
  `Val7` float NOT NULL,
  `Val8` float NOT NULL,
  `Val9` float NOT NULL,
  `Val10` float NOT NULL,
  `Val11` float NOT NULL,
  `Val12` float NOT NULL,
  `Val13` float NOT NULL,
  `Val14` float NOT NULL,
  `Val15` float NOT NULL,
  `Val16` float NOT NULL,
  `Val17` float NOT NULL,
  `Val18` float NOT NULL,
  `Val19` float NOT NULL,
  `Val20` float NOT NULL,
  `Description` text NOT NULL,
  PRIMARY KEY (`Id`)
) ENGINE=MyISAM DEFAULT CHARSET=utf8;

/*Data for the table `creature_ai` */

insert  into `creature_ai`(`Id`,`Code`,`Val1`,`Val2`,`Val3`,`Val4`,`Val5`,`Val6`,`Val7`,`Val8`,`Val9`,`Val10`,`Val11`,`Val12`,`Val13`,`Val14`,`Val15`,`Val16`,`Val17`,`Val18`,`Val19`,`Val20`,`Description`) values (1,2,8000,0.3,0.2,0.9,1,0.5,50,0,0,0,0,0,0,0,0,0,0,0,0,0,'Normal creature AI'),(5,3,0,0,0,0,0,0,0,0,0,0,0,0,0,0,0,0,0,0,0,0,'Bot summons ai'),(6,4,0,0,0,0,0,0,0,0,0,0,0,0,0,0,0,0,0,0,0,0,'Mine AI'),(4,5,8000,0.6,0.2,1,1,0.5,50,0,0,0,0,0,0,0,0,0,0,0,0,0,'DR: AI'),(7,1,0,0,0,0,0,0,0,0,0,0,0,0,0,0,0,0,0,0,0,0,'Character/hazard mode AI'),(8,2,5000,0.4,0.33,0.1,1,0.2,50,0,0,0,0,0,0,0,0,0,0,0,0,0,'Desert Crawler'),(9,2,12000,0.85,0.8,0.75,0.9,0.5,50,0,0,0,0,0,0,0,0,0,0,0,0,0,'Crawler Youngling'),(10,2,6000,0.7,0.6,0.8,1,0.5,60,0,0,0,0,0,0,0,0,0,0,0,0,0,'Human Soldier'),(11,5,4500,0.82,0.8,0.5,0,0,0,0,0,0,0,0,0,0,0,0,0,0,0,0,'Raiding Buggy'),(12,2,7000,0.65,0.6,0.7,0.3,0.3,30,0,0,0,0,0,0,0,0,0,0,0,0,0,'Roja Gunner'),(13,2,7000,0.65,0.6,0.95,1,0.3,30,0,0,0,0,0,0,0,0,0,0,0,0,0,'Roja Scav'),(14,2,5000,0,1,0.5,0,0,0,0,0,0,0,0,0,0,0,0,0,0,0,0,'50 chance flee  no help'),(15,5,0,0,0,0,0,0,0,0,0,0,0,0,0,0,0,0,0,0,0,0,'DR:Never Flee No Help'),(16,5,7000,0.7,0.66,0.8,0.2,0.3,30,0,0,0,0,0,0,0,0,0,0,0,0,0,'DR:Roja Roller'),(17,2,9000,0.81,0.8,1,1,0.85,50,0,0,0,0,0,0,0,0,0,0,0,0,0,'Roja Healer'),(18,2,5000,1,0.99,1,0,0,0,0,0,0,0,0,0,0,0,0,0,0,0,0,'Flee Immediately No help'),(19,2,0,0,0,0,0,0,0,0,0,0,0,0,0,0,0,0,0,0,0,0,'Never Flee NO help'),(20,2,0,0,0,0,1,0.7,50,0,0,0,0,0,0,0,0,0,0,0,0,0,'Never flee normal help'),(21,2,0,0,0,0,1,1,130,0,0,0,0,0,0,0,0,0,0,0,0,0,'Call for Help Immediately NoFlee'),(22,5,0,0,0,0,1,0.8,60,0,0,0,0,0,0,0,0,0,0,0,0,0,'DR: No flee normal help'),(23,2,5000,50,1,1,1,1,60,0,0,0,0,0,0,0,0,0,0,0,0,0,'Flee, NoFlee 50, Normal help'),(24,2,5000,0,0.5,1,1,1,60,0,0,0,0,0,0,0,0,0,0,0,0,0,'50Flee  NormalHelp'),(26,2,4000,0,0.8,0.8,1,1,50,0,0,0,0,0,0,0,0,0,0,0,0,0,'80flee  Normal help'),(28,2,6000,0.4,0.2,1,1,1,60,0,0,0,0,0,0,0,0,0,0,0,0,0,'20Flee, AlwaysHelp, Normal AI'),(30,5,20000,0.96,0.95,1,1,0.95,60,0,0,0,0,0,0,0,0,0,0,0,0,0,'DR: AI 95Flee Normal Help'),(31,2,15000,0,0.75,1,1,1,60,0,0,0,0,0,0,0,0,0,0,0,0,0,'75Flee  NormalHelp'),(36,2,7000,0.7,0.5,1,1,1,50,0,0,0,0,0,0,0,0,0,0,0,0,0,'50FleeLong NormalHelp'),(37,5,15000,0.26,0.25,1,1,0.95,50,0,0,0,0,0,0,0,0,0,0,0,0,0,'DR: 25Flee 15seconds'),(38,5,3e+06,1.1,0.25,1,1,0.5,50,0,0,0,0,0,0,0,0,0,0,0,0,0,'DR: 25Flee Never Stop'),(39,5,0,0,0,0,1,1,60,0,0,0,0,0,0,0,0,0,0,0,0,0,'DR: No flee normal help'),(41,5,30000,0.76,0.75,1,1,1,60,0,0,0,0,0,0,0,0,0,0,0,0,0,'DR: AI 75Flee Normal Help'),(44,2,6000,0.4,0.25,1,1,0.5,50,0,0,0,0,0,0,0,0,0,0,0,0,0,'25 Flee 25 Help'),(45,2,3000,0.33,0.25,1,1,0.6,100,0,0,0,0,0,0,0,0,0,0,0,0,0,'R4 60help 25flee AI'),(46,2,5000,0.25,0.1,1,1,0.25,50,0,0,0,0,0,0,0,0,0,0,0,0,0,'10Flee 25NoFlee 100help'),(50,2,0,0,0,0,0,0,0,0,0,0,0,0,0,0,0,0,0,0,0,0,'Tireball Behavoir'),(25,2,8000,0,0.6,1,1,0.85,60,0,0,0,0,0,0,0,0,0,0,0,0,0,'Normal Creature Flee60 Help85'),(32,5,0,0,0,0,1,0.35,90,0,0,0,0,0,0,0,0,0,0,0,0,0,'DR: AI NoFlee, 35Help'),(33,5,0,0.41,0.4,1,1,1,90,0,0,0,0,0,0,0,0,0,0,0,0,0,'DR: AI 40Flee, 100Help'),(34,5,0,0.41,0.4,1,1,1,90,0,0,0,0,0,0,0,0,0,0,0,0,0,'DR: AI 100help, 40flee'),(35,5,0,0.3,0.25,1,1,40,90,0,0,0,0,0,0,0,0,0,0,0,0,0,'DR: AI 100help, 25flee'),(27,5,0,0,0,0,1,0.25,60,0,0,0,0,0,0,0,0,0,0,0,0,0,'DR: AI NoFlee, 25Help'),(29,5,8000,0.4,0.3,1,1,0.75,50,0,0,0,0,0,0,0,0,0,0,0,0,0,'DR: AI 30Flee'),(40,2,8000,0.75,1,1,0,0,0,0,0,0,0,0,0,0,0,0,0,0,0,0,'Start Flee, stop and fight'),(42,5,20000,0.96,0.95,1,1,0.95,60,0,0,0,0,0,0,0,0,0,0,0,0,0,'DR: Test AI Don?t Use'),(43,2,12000,0.5,1,1,0.75,0.5,40,0,0,0,0,0,0,0,0,0,0,0,0,0,'100 Flee 50 attack'),(47,2,12000,0.91,0.9,1,0.75,0.5,40,0,0,0,0,0,0,0,0,0,0,0,0,0,'90 flee for 12 sec'),(48,5,3500,0.25,0.18,40,0.75,0.5,40,0,0,0,0,0,0,0,0,0,0,0,0,0,'DR: 25 flee for 3.5 sec'),(49,2,8000,0.35,0.3,1,1,0.8,50,0,0,0,0,0,0,0,0,0,0,0,0,0,'30Flee Normal Help');

/*Table structure for table `discipline` */

CREATE TABLE `discipline` (
  `Id` int(11) NOT NULL,
  `Race` int(11) NOT NULL,
  `DisciplinePrereq1` int(11) NOT NULL,
  `DisciplinePrereq2` int(11) NOT NULL,
  `DisciplinePrereq3` int(11) NOT NULL,
  `DisciplinePrereq4` int(11) NOT NULL,
  `DisciplinePrereq5` int(11) NOT NULL,
  `RankPrereq1` smallint(5) NOT NULL,
  `RankPrereq2` smallint(5) NOT NULL,
  `RankPrereq3` smallint(5) NOT NULL,
  `RankPrereq4` smallint(5) NOT NULL,
  `RankPrereq5` smallint(5) NOT NULL,
  `Name` text NOT NULL,
  `LevelPrereq` tinyint(3) NOT NULL,
  `FabricationPlant` tinyint(1) NOT NULL,
  `Reactor` tinyint(1) NOT NULL,
  `ControlShop` tinyint(1) NOT NULL,
  PRIMARY KEY (`Id`)
) ENGINE=MyISAM DEFAULT CHARSET=utf8;

/*Data for the table `discipline` */

insert  into `discipline`(`Id`,`Race`,`DisciplinePrereq1`,`DisciplinePrereq2`,`DisciplinePrereq3`,`DisciplinePrereq4`,`DisciplinePrereq5`,`RankPrereq1`,`RankPrereq2`,`RankPrereq3`,`RankPrereq4`,`RankPrereq5`,`Name`,`LevelPrereq`,`FabricationPlant`,`Reactor`,`ControlShop`) values (1,-1,-1,-1,-1,-1,-1,100,100,100,0,0,'Armor',1,1,0,0),(2,-1,-1,-1,-1,-1,-1,100,100,100,0,0,'Projectile Weapons',1,0,0,1),(3,-1,-1,-1,-1,-1,-1,100,100,100,0,0,'Power Plants',1,0,1,0),(4,-1,1,-1,-1,-1,-1,100,100,100,0,0,'Custom Wheels',1,1,0,0),(5,-1,1,6,2,-1,-1,100,100,100,0,0,'Chassis',1,1,0,0),(6,-1,2,3,5,-1,-1,100,100,100,0,0,'Devices',1,0,1,1),(7,-1,4,5,8,-1,-1,100,100,100,0,0,'Advanced Armor',1,1,0,0),(8,-1,7,9,5,6,2,100,100,100,100,100,'Melee and Rear Weapons',1,1,0,1),(9,-1,2,6,10,8,5,100,100,100,100,100,'Energy Weapons',1,0,0,1),(10,-1,3,9,6,-1,-1,100,100,100,0,0,'Advanced Power Plants',1,0,1,0),(11,-1,7,12,-1,-1,-1,100,100,100,0,0,'Advanced Chassis',1,1,0,0),(12,-1,8,13,11,-1,-1,100,100,100,0,0,'Hazard Kits',1,1,0,1),(13,-1,9,14,12,-1,-1,100,100,100,0,0,'Advanced Weapons',1,0,0,1),(14,-1,9,6,10,13,15,100,100,100,100,100,'Ornaments',1,0,1,1),(15,-1,14,10,-1,-1,-1,100,100,100,0,0,'Exotic Power Plants',1,0,1,0),(16,-1,12,-1,-1,-1,-1,100,100,100,0,0,'Exotic Armor',1,1,0,1),(28,-1,14,-1,-1,-1,-1,100,100,100,0,0,'Exotic Weapons',1,0,1,1),(29,-1,-1,-1,-1,-1,-1,-1,-1,-1,0,0,'None',0,0,0,0);

/*Table structure for table `experience_level` */

CREATE TABLE `experience_level` (
  `Level` tinyint(3) unsigned NOT NULL,
  `Experience` int(11) unsigned NOT NULL,
  `SkillPoints` tinyint(3) unsigned NOT NULL,
  `AttributePoints` tinyint(3) unsigned NOT NULL,
  `ResearchPoints` tinyint(3) unsigned NOT NULL,
  PRIMARY KEY (`Level`)
) ENGINE=MyISAM DEFAULT CHARSET=utf8;

/*Data for the table `experience_level` */

insert  into `experience_level`(`Level`,`Experience`,`SkillPoints`,`AttributePoints`,`ResearchPoints`) values (1,1000,1,2,0),(2,3300,1,2,0),(3,5600,1,2,0),(4,8800,1,2,0),(5,12000,1,2,3),(6,16000,1,2,1),(7,20000,1,2,0),(8,26000,1,2,0),(9,32000,1,2,0),(10,39000,1,2,2),(11,46200,1,2,0),(12,53600,1,2,0),(13,61500,1,2,0),(14,70200,1,2,0),(15,79500,1,2,1),(16,89400,1,2,0),(17,99900,1,2,0),(18,111000,1,2,0),(19,122700,1,2,0),(20,135000,1,2,2),(21,147900,2,2,0),(22,161400,2,2,0),(23,175500,2,2,0),(24,190200,2,2,1),(25,205500,2,2,0),(26,221400,2,2,0),(27,237900,2,2,0),(28,255000,2,2,2),(29,272700,2,2,0),(30,291000,2,2,0),(31,309900,2,2,0),(32,329400,2,2,1),(33,349500,2,2,0),(34,370200,2,2,0),(35,391500,2,2,0),(36,413500,2,2,2),(37,436300,2,2,0),(38,460000,2,2,0),(39,484700,2,2,0),(40,510500,2,2,1),(41,537400,2,2,0),(42,565400,2,2,0),(43,594600,2,2,0),(44,625000,2,2,0),(45,657000,2,2,2),(46,691000,2,2,0),(47,727000,2,2,0),(48,765000,2,2,0),(49,805000,2,2,0),(50,847000,2,2,1),(51,891000,2,2,0),(52,937000,2,2,0),(53,985000,2,2,0),(54,1035000,2,2,0),(55,1087000,2,2,2),(56,1141000,2,2,0),(57,1197000,2,2,0),(58,1255000,2,2,0),(59,1315000,2,2,0),(60,1377000,2,2,1),(61,1441000,2,2,0),(62,1507000,2,2,0),(63,1575000,2,2,0),(64,1645000,2,2,0),(65,1717000,2,2,0),(66,1791000,2,2,2),(67,1867000,2,2,0),(68,1945000,2,2,0),(69,2025000,2,2,0),(70,2107000,2,2,0),(71,2191000,2,2,0),(72,2277000,2,2,1),(73,2365000,2,2,0),(74,2455000,2,2,0),(75,2547000,2,2,0),(76,2641000,2,2,0),(77,2737000,2,2,0),(78,2835000,2,2,2),(79,2935000,2,2,0),(80,3037000,2,2,0),(81,3141000,2,2,0),(82,3247000,2,2,0),(83,3355000,2,2,0),(84,3465000,2,2,0),(85,3577000,2,2,0),(86,3691000,2,2,0),(87,3807000,2,2,0),(88,3925000,2,2,0),(89,4045000,2,2,0),(90,4167000,2,2,0),(91,4291000,2,2,0),(92,4417000,2,2,0),(93,4545000,2,2,0),(94,4675000,2,2,0),(95,4807000,2,2,0),(96,4941000,2,2,0),(97,5077000,2,2,0),(98,5215000,2,2,0),(99,5355000,2,2,0),(100,5499000,2,2,0),(101,5647000,2,2,0),(102,5799000,2,2,0),(103,5955000,2,2,0),(104,6115000,2,2,0),(105,6279000,2,2,0),(106,6447000,2,2,0),(107,6619000,2,2,0),(108,6795000,2,2,0),(109,6975000,2,2,0),(110,7163000,2,2,0),(111,7359000,2,2,0),(112,7563000,2,2,0),(113,7775000,2,2,0),(114,7995000,2,2,0),(115,8223000,2,2,0),(116,8459000,2,2,0),(117,8703000,2,2,0),(118,8955000,2,2,0),(119,9215000,2,2,0),(120,9483000,3,2,0);

/*Table structure for table `item_armor` */

CREATE TABLE `item_armor` (
  `Coid` bigint(20) NOT NULL,
  `Cbid` int(10) NOT NULL,
  PRIMARY KEY (`Coid`)
) ENGINE=MyISAM DEFAULT CHARSET=utf8;

/*Data for the table `item_armor` */

/*Table structure for table `item_powerplant` */

CREATE TABLE `item_powerplant` (
  `Coid` bigint(20) NOT NULL,
  `Cbid` int(10) NOT NULL,
  PRIMARY KEY (`Coid`)
) ENGINE=MyISAM DEFAULT CHARSET=utf8;

/*Data for the table `item_powerplant` */

/*Table structure for table `item_simple` */

CREATE TABLE `item_simple` (
  `Coid` bigint(20) NOT NULL,
  `Cbid` int(10) NOT NULL,
  PRIMARY KEY (`Coid`)
) ENGINE=MyISAM DEFAULT CHARSET=utf8;

/*Data for the table `item_simple` */

/*Table structure for table `item_weapon` */

CREATE TABLE `item_weapon` (
  `Coid` bigint(20) NOT NULL,
  `Cbid` int(20) NOT NULL,
  PRIMARY KEY (`Coid`)
) ENGINE=MyISAM DEFAULT CHARSET=utf8;

/*Data for the table `item_weapon` */

/*Table structure for table `item_wheelset` */

CREATE TABLE `item_wheelset` (
  `Coid` bigint(20) NOT NULL,
  `Cbid` int(10) NOT NULL,
  PRIMARY KEY (`Coid`)
) ENGINE=MyISAM DEFAULT CHARSET=utf8;

/*Data for the table `item_wheelset` */

/*Table structure for table `quest_base_credit` */

CREATE TABLE `quest_base_credit` (
  `Level` tinyint(3) unsigned NOT NULL,
  `Credit` int(11) unsigned NOT NULL,
  PRIMARY KEY (`Level`)
) ENGINE=MyISAM DEFAULT CHARSET=utf8;

/*Data for the table `quest_base_credit` */

insert  into `quest_base_credit`(`Level`,`Credit`) values (1,3),(2,10),(3,16),(4,25),(5,34),(6,47),(7,59),(8,78),(9,97),(10,122),(11,147),(12,178),(13,209),(14,247),(15,284),(16,334),(17,384),(18,441),(19,497),(20,560),(21,622),(22,685),(23,747),(24,810),(25,872),(26,935),(27,997),(28,1060),(29,1122),(30,1216),(31,1309),(32,1403),(33,1497),(34,1591),(35,1684),(36,1778),(37,1872),(38,1966),(39,2059),(40,2184),(41,2309),(42,2434),(43,2559),(44,2684),(45,2809),(46,2934),(47,3059),(48,3184),(49,3309),(50,3466),(51,3622),(52,3778),(53,3934),(54,4091),(55,4247),(56,4403),(57,4559),(58,4716),(59,4872),(60,5060),(61,5247),(62,5435),(63,5622),(64,5810),(65,5997),(66,6185),(67,6372),(68,6560),(69,6747),(70,6997),(71,7247),(72,7497),(73,7747),(74,7997),(75,8247),(76,8497),(77,8747),(78,8997),(79,9247),(80,9497);

/*Table structure for table `quest_credits_lookup` */

CREATE TABLE `quest_credits_lookup` (
  `Index` tinyint(3) unsigned NOT NULL,
  `LevelCredits` float NOT NULL,
  PRIMARY KEY (`Index`)
) ENGINE=MyISAM DEFAULT CHARSET=utf8;

/*Data for the table `quest_credits_lookup` */

insert  into `quest_credits_lookup`(`Index`,`LevelCredits`) values (0,0),(1,0.2),(2,0.4),(3,0.6),(4,0.8),(5,1),(6,1.2),(7,1.4),(8,1.6),(9,1.8),(10,2);

/*Table structure for table `quest_XP_lookup` */

CREATE TABLE `quest_XP_lookup` (
  `Index` tinyint(3) unsigned NOT NULL,
  `LevelXP` float NOT NULL,
  PRIMARY KEY (`Index`)
) ENGINE=MyISAM DEFAULT CHARSET=utf8;

/*Data for the table `quest_XP_lookup` */

insert  into `quest_XP_lookup`(`Index`,`LevelXP`) values (0,0),(1,0.02),(2,0.04),(3,0.06),(4,0.08),(5,0.1),(6,0.15),(7,0.2),(8,0.25),(9,0.3);

/*Table structure for table `realmlist_global` */

CREATE TABLE `realmlist_global` (
  `Id` tinyint(3) unsigned NOT NULL,
  `Address` tinytext NOT NULL,
  `Port` smallint(5) unsigned NOT NULL,
  `AgeLimit` tinyint(3) unsigned NOT NULL,
  `PKFlag` tinyint(3) unsigned NOT NULL,
  `CurrentPlayers` smallint(5) unsigned NOT NULL,
  `MaxPlayers` smallint(5) unsigned NOT NULL,
  `Status` tinyint(3) unsigned NOT NULL,
  PRIMARY KEY (`Id`)
) ENGINE=MyISAM DEFAULT CHARSET=utf8;

/*Data for the table `realmlist_global` */

insert  into `realmlist_global`(`Id`,`Address`,`Port`,`AgeLimit`,`PKFlag`,`CurrentPlayers`,`MaxPlayers`,`Status`) values (1,'127.0.0.1',26880,0,0,0,100,0);

/*Table structure for table `realmlist_sector` */

CREATE TABLE `realmlist_sector` (
  `Id` tinyint(3) unsigned NOT NULL,
  `Address` tinytext NOT NULL,
  `Port` smallint(5) unsigned NOT NULL,
  `CurrentPlayers` smallint(5) unsigned NOT NULL,
  `Status` tinyint(3) unsigned NOT NULL,
  PRIMARY KEY (`Id`)
) ENGINE=MyISAM DEFAULT CHARSET=utf8;

/*Data for the table `realmlist_sector` */

insert  into `realmlist_sector`(`Id`,`Address`,`Port`,`CurrentPlayers`,`Status`) values (1,'127.0.0.1',27001,0,0);

/*Table structure for table `social` */

CREATE TABLE `social` (
  `OwnerCoid` bigint(20) NOT NULL,
  `Coid` bigint(20) NOT NULL,
  `Type` tinyint(3) NOT NULL,
  PRIMARY KEY (`OwnerCoid`,`Coid`,`Type`)
) ENGINE=MyISAM DEFAULT CHARSET=utf8;

/*Data for the table `social` */

/*Table structure for table `vehicle` */

CREATE TABLE `vehicle` (
  `Coid` bigint(20) NOT NULL,
  `OwnerCoid` bigint(20) NOT NULL,
  `Cbid` int(11) NOT NULL,
  `TeamFaction` int(11) NOT NULL,
  `X` float NOT NULL,
  `Y` float NOT NULL,
  `Z` float NOT NULL,
  `Q1` float NOT NULL,
  `Q2` float NOT NULL,
  `Q3` float NOT NULL,
  `Q4` float NOT NULL,
  `Ornament` bigint(20) NOT NULL,
  `RaceItem` bigint(20) NOT NULL,
  `PowerPlant` bigint(20) NOT NULL,
  `Wheelset` bigint(20) NOT NULL,
  `Armor` bigint(20) NOT NULL,
  `MeleeWeapon` bigint(20) NOT NULL,
  `Front` bigint(20) NOT NULL,
  `Turret` bigint(20) NOT NULL,
  `Rear` bigint(20) NOT NULL,
  `Name` tinytext NOT NULL,
  `PrimaryColor` int(11) unsigned NOT NULL,
  `SecondaryColor` int(11) unsigned NOT NULL,
  `Trim` tinyint(3) unsigned NOT NULL,
  PRIMARY KEY (`Coid`)
) ENGINE=MyISAM DEFAULT CHARSET=utf8;

/*Data for the table `vehicle` */

/*!40101 SET SQL_MODE=@OLD_SQL_MODE */;
/*!40014 SET UNIQUE_CHECKS=@OLD_UNIQUE_CHECKS */;
/*!40111 SET SQL_NOTES=@OLD_SQL_NOTES */;
